track_id,product_type,timestamp_utc,path,available_member_count,date_utc
ensemble_probability,prob_presence,2010-05-20T00:00:00Z,output/CASE_DWH_RETRO_2010_72H/phase3c_external_case_ensemble_comparison/products/prob_presence_2010-05-20T00-00-00Z.tif,22,
ensemble_probability,mask_p50,2010-05-20T00:00:00Z,output/CASE_DWH_RETRO_2010_72H/phase3c_external_case_ensemble_comparison/products/mask_p50_2010-05-20T00-00-00Z.tif,22,
ensemble_probability,mask_p90,2010-05-20T00:00:00Z,output/CASE_DWH_RETRO_2010_72H/phase3c_external_case_ensemble_comparison/products/mask_p90_2010-05-20T00-00-00Z.tif,22,
ensemble_probability,ensemble_density_norm,2010-05-20T00:00:00Z,output/CASE_DWH_RETRO_2010_72H/phase3c_external_case_ensemble_comparison/products/ensemble_density_norm_2010-05-20T00-00-00Z.tif,22,
ensemble_probability,prob_presence,2010-05-20T01:00:00Z,output/CASE_DWH_RETRO_2010_72H/phase3c_external_case_ensemble_comparison/products/prob_presence_2010-05-20T01-00-00Z.tif,28,
ensemble_probability,mask_p50,2010-05-20T01:00:00Z,output/CASE_DWH_RETRO_2010_72H/phase3c_external_case_ensemble_comparison/products/mask_p50_2010-05-20T01-00-00Z.tif,28,
ensemble_probability,mask_p90,2010-05-20T01:00:00Z,output/CASE_DWH_RETRO_2010_72H/phase3c_external_case_ensemble_comparison/products/mask_p90_2010-05-20T01-00-00Z.tif,28,
ensemble_probability,ensemble_density_norm,2010-05-20T01:00:00Z,output/CASE_DWH_RETRO_2010_72H/phase3c_external_case_ensemble_comparison/products/ensemble_density_norm_2010-05-20T01-00-00Z.tif,28,
ensemble_probability,prob_presence,2010-05-20T02:00:00Z,output/CASE_DWH_RETRO_2010_72H/phase3c_external_case_ensemble_comparison/products/prob_presence_2010-05-20T02-00-00Z.tif,36,
ensemble_probability,mask_p50,2010-05-20T02:00:00Z,output/CASE_DWH_RETRO_2010_72H/phase3c_external_case_ensemble_comparison/products/mask_p50_2010-05-20T02-00-00Z.tif,36,
ensemble_probability,mask_p90,2010-05-20T02:00:00Z,output/CASE_DWH_RETRO_2010_72H/phase3c_external_case_ensemble_comparison/products/mask_p90_2010-05-20T02-00-00Z.tif,36,
ensemble_probability,ensemble_density_norm,2010-05-20T02:00:00Z,output/CASE_DWH_RETRO_2010_72H/phase3c_external_case_ensemble_comparison/products/ensemble_density_norm_2010-05-20T02-00-00Z.tif,36,
ensemble_probability,prob_presence,2010-05-20T03:00:00Z,output/CASE_DWH_RETRO_2010_72H/phase3c_external_case_ensemble_comparison/products/prob_presence_2010-05-20T03-00-00Z.tif,50,
ensemble_probability,mask_p50,2010-05-20T03:00:00Z,output/CASE_DWH_RETRO_2010_72H/phase3c_external_case_ensemble_comparison/products/mask_p50_2010-05-20T03-00-00Z.tif,50,
ensemble_probability,mask_p90,2010-05-20T03:00:00Z,output/CASE_DWH_RETRO_2010_72H/phase3c_external_case_ensemble_comparison/products/mask_p90_2010-05-20T03-00-00Z.tif,50,
ensemble_probability,ensemble_density_norm,2010-05-20T03:00:00Z,output/CASE_DWH_RETRO_2010_72H/phase3c_external_case_ensemble_comparison/products/ensemble_density_norm_2010-05-20T03-00-00Z.tif,50,
ensemble_probability,prob_presence,2010-05-20T04:00:00Z,output/CASE_DWH_RETRO_2010_72H/phase3c_external_case_ensemble_comparison/products/prob_presence_2010-05-20T04-00-00Z.tif,50,
ensemble_probability,mask_p50,2010-05-20T04:00:00Z,output/CASE_DWH_RETRO_2010_72H/phase3c_external_case_ensemble_comparison/products/mask_p50_2010-05-20T04-00-00Z.tif,50,
ensemble_probability,mask_p90,2010-05-20T04:00:00Z,output/CASE_DWH_RETRO_2010_72H/phase3c_external_case_ensemble_comparison/products/mask_p90_2010-05-20T04-00-00Z.tif,50,
ensemble_probability,ensemble_density_norm,2010-05-20T04:00:00Z,output/CASE_DWH_RETRO_2010_72H/phase3c_external_case_ensemble_comparison/products/ensemble_density_norm_2010-05-20T04-00-00Z.tif,50,
ensemble_probability,prob_presence,2010-05-20T05:00:00Z,output/CASE_DWH_RETRO_2010_72H/phase3c_external_case_ensemble_comparison/products/prob_presence_2010-05-20T05-00-00Z.tif,50,
ensemble_probability,mask_p50,2010-05-20T05:00:00Z,output/CASE_DWH_RETRO_2010_72H/phase3c_external_case_ensemble_comparison/products/mask_p50_2010-05-20T05-00-00Z.tif,50,
ensemble_probability,mask_p90,2010-05-20T05:00:00Z,output/CASE_DWH_RETRO_2010_72H/phase3c_external_case_ensemble_comparison/products/mask_p90_2010-05-20T05-00-00Z.tif,50,
ensemble_probability,ensemble_density_norm,2010-05-20T05:00:00Z,output/CASE_DWH_RETRO_2010_72H/phase3c_external_case_ensemble_comparison/products/ensemble_density_norm_2010-05-20T05-00-00Z.tif,50,
ensemble_probability,prob_presence,2010-05-20T06:00:00Z,output/CASE_DWH_RETRO_2010_72H/phase3c_external_case_ensemble_comparison/products/prob_presence_2010-05-20T06-00-00Z.tif,50,
ensemble_probability,mask_p50,2010-05-20T06:00:00Z,output/CASE_DWH_RETRO_2010_72H/phase3c_external_case_ensemble_comparison/products/mask_p50_2010-05-20T06-00-00Z.tif,50,
ensemble_probability,mask_p90,2010-05-20T06:00:00Z,output/CASE_DWH_RETRO_2010_72H/phase3c_external_case_ensemble_comparison/products/mask_p90_2010-05-20T06-00-00Z.tif,50,
ensemble_probability,ensemble_density_norm,2010-05-20T06:00:00Z,output/CASE_DWH_RETRO_2010_72H/phase3c_external_case_ensemble_comparison/products/ensemble_density_norm_2010-05-20T06-00-00Z.tif,50,
ensemble_probability,prob_presence,2010-05-20T07:00:00Z,output/CASE_DWH_RETRO_2010_72H/phase3c_external_case_ensemble_comparison/products/prob_presence_2010-05-20T07-00-00Z.tif,50,
ensemble_probability,mask_p50,2010-05-20T07:00:00Z,output/CASE_DWH_RETRO_2010_72H/phase3c_external_case_ensemble_comparison/products/mask_p50_2010-05-20T07-00-00Z.tif,50,
ensemble_probability,mask_p90,2010-05-20T07:00:00Z,output/CASE_DWH_RETRO_2010_72H/phase3c_external_case_ensemble_comparison/products/mask_p90_2010-05-20T07-00-00Z.tif,50,
ensemble_probability,ensemble_density_norm,2010-05-20T07:00:00Z,output/CASE_DWH_RETRO_2010_72H/phase3c_external_case_ensemble_comparison/products/ensemble_density_norm_2010-05-20T07-00-00Z.tif,50,
ensemble_probability,prob_presence,2010-05-20T08:00:00Z,output/CASE_DWH_RETRO_2010_72H/phase3c_external_case_ensemble_comparison/products/prob_presence_2010-05-20T08-00-00Z.tif,50,
ensemble_probability,mask_p50,2010-05-20T08:00:00Z,output/CASE_DWH_RETRO_2010_72H/phase3c_external_case_ensemble_comparison/products/mask_p50_2010-05-20T08-00-00Z.tif,50,
ensemble_probability,mask_p90,2010-05-20T08:00:00Z,output/CASE_DWH_RETRO_2010_72H/phase3c_external_case_ensemble_comparison/products/mask_p90_2010-05-20T08-00-00Z.tif,50,
ensemble_probability,ensemble_density_norm,2010-05-20T08:00:00Z,output/CASE_DWH_RETRO_2010_72H/phase3c_external_case_ensemble_comparison/products/ensemble_density_norm_2010-05-20T08-00-00Z.tif,50,
ensemble_probability,prob_presence,2010-05-20T09:00:00Z,output/CASE_DWH_RETRO_2010_72H/phase3c_external_case_ensemble_comparison/products/prob_presence_2010-05-20T09-00-00Z.tif,50,
ensemble_probability,mask_p50,2010-05-20T09:00:00Z,output/CASE_DWH_RETRO_2010_72H/phase3c_external_case_ensemble_comparison/products/mask_p50_2010-05-20T09-00-00Z.tif,50,
ensemble_probability,mask_p90,2010-05-20T09:00:00Z,output/CASE_DWH_RETRO_2010_72H/phase3c_external_case_ensemble_comparison/products/mask_p90_2010-05-20T09-00-00Z.tif,50,
ensemble_probability,ensemble_density_norm,2010-05-20T09:00:00Z,output/CASE_DWH_RETRO_2010_72H/phase3c_external_case_ensemble_comparison/products/ensemble_density_norm_2010-05-20T09-00-00Z.tif,50,
ensemble_probability,prob_presence,2010-05-20T10:00:00Z,output/CASE_DWH_RETRO_2010_72H/phase3c_external_case_ensemble_comparison/products/prob_presence_2010-05-20T10-00-00Z.tif,50,
ensemble_probability,mask_p50,2010-05-20T10:00:00Z,output/CASE_DWH_RETRO_2010_72H/phase3c_external_case_ensemble_comparison/products/mask_p50_2010-05-20T10-00-00Z.tif,50,
ensemble_probability,mask_p90,2010-05-20T10:00:00Z,output/CASE_DWH_RETRO_2010_72H/phase3c_external_case_ensemble_comparison/products/mask_p90_2010-05-20T10-00-00Z.tif,50,
ensemble_probability,ensemble_density_norm,2010-05-20T10:00:00Z,output/CASE_DWH_RETRO_2010_72H/phase3c_external_case_ensemble_comparison/products/ensemble_density_norm_2010-05-20T10-00-00Z.tif,50,
ensemble_probability,prob_presence,2010-05-20T11:00:00Z,output/CASE_DWH_RETRO_2010_72H/phase3c_external_case_ensemble_comparison/products/prob_presence_2010-05-20T11-00-00Z.tif,50,
ensemble_probability,mask_p50,2010-05-20T11:00:00Z,output/CASE_DWH_RETRO_2010_72H/phase3c_external_case_ensemble_comparison/products/mask_p50_2010-05-20T11-00-00Z.tif,50,
ensemble_probability,mask_p90,2010-05-20T11:00:00Z,output/CASE_DWH_RETRO_2010_72H/phase3c_external_case_ensemble_comparison/products/mask_p90_2010-05-20T11-00-00Z.tif,50,
ensemble_probability,ensemble_density_norm,2010-05-20T11:00:00Z,output/CASE_DWH_RETRO_2010_72H/phase3c_external_case_ensemble_comparison/products/ensemble_density_norm_2010-05-20T11-00-00Z.tif,50,
ensemble_probability,prob_presence,2010-05-20T12:00:00Z,output/CASE_DWH_RETRO_2010_72H/phase3c_external_case_ensemble_comparison/products/prob_presence_2010-05-20T12-00-00Z.tif,50,
ensemble_probability,mask_p50,2010-05-20T12:00:00Z,output/CASE_DWH_RETRO_2010_72H/phase3c_external_case_ensemble_comparison/products/mask_p50_2010-05-20T12-00-00Z.tif,50,
ensemble_probability,mask_p90,2010-05-20T12:00:00Z,output/CASE_DWH_RETRO_2010_72H/phase3c_external_case_ensemble_comparison/products/mask_p90_2010-05-20T12-00-00Z.tif,50,
ensemble_probability,ensemble_density_norm,2010-05-20T12:00:00Z,output/CASE_DWH_RETRO_2010_72H/phase3c_external_case_ensemble_comparison/products/ensemble_density_norm_2010-05-20T12-00-00Z.tif,50,
ensemble_probability,prob_presence,2010-05-20T13:00:00Z,output/CASE_DWH_RETRO_2010_72H/phase3c_external_case_ensemble_comparison/products/prob_presence_2010-05-20T13-00-00Z.tif,50,
ensemble_probability,mask_p50,2010-05-20T13:00:00Z,output/CASE_DWH_RETRO_2010_72H/phase3c_external_case_ensemble_comparison/products/mask_p50_2010-05-20T13-00-00Z.tif,50,
ensemble_probability,mask_p90,2010-05-20T13:00:00Z,output/CASE_DWH_RETRO_2010_72H/phase3c_external_case_ensemble_comparison/products/mask_p90_2010-05-20T13-00-00Z.tif,50,
ensemble_probability,ensemble_density_norm,2010-05-20T13:00:00Z,output/CASE_DWH_RETRO_2010_72H/phase3c_external_case_ensemble_comparison/products/ensemble_density_norm_2010-05-20T13-00-00Z.tif,50,
ensemble_probability,prob_presence,2010-05-20T14:00:00Z,output/CASE_DWH_RETRO_2010_72H/phase3c_external_case_ensemble_comparison/products/prob_presence_2010-05-20T14-00-00Z.tif,50,
ensemble_probability,mask_p50,2010-05-20T14:00:00Z,output/CASE_DWH_RETRO_2010_72H/phase3c_external_case_ensemble_comparison/products/mask_p50_2010-05-20T14-00-00Z.tif,50,
ensemble_probability,mask_p90,2010-05-20T14:00:00Z,output/CASE_DWH_RETRO_2010_72H/phase3c_external_case_ensemble_comparison/products/mask_p90_2010-05-20T14-00-00Z.tif,50,
ensemble_probability,ensemble_density_norm,2010-05-20T14:00:00Z,output/CASE_DWH_RETRO_2010_72H/phase3c_external_case_ensemble_comparison/products/ensemble_density_norm_2010-05-20T14-00-00Z.tif,50,
ensemble_probability,prob_presence,2010-05-20T15:00:00Z,output/CASE_DWH_RETRO_2010_72H/phase3c_external_case_ensemble_comparison/products/prob_presence_2010-05-20T15-00-00Z.tif,50,
ensemble_probability,mask_p50,2010-05-20T15:00:00Z,output/CASE_DWH_RETRO_2010_72H/phase3c_external_case_ensemble_comparison/products/mask_p50_2010-05-20T15-00-00Z.tif,50,
ensemble_probability,mask_p90,2010-05-20T15:00:00Z,output/CASE_DWH_RETRO_2010_72H/phase3c_external_case_ensemble_comparison/products/mask_p90_2010-05-20T15-00-00Z.tif,50,
ensemble_probability,ensemble_density_norm,2010-05-20T15:00:00Z,output/CASE_DWH_RETRO_2010_72H/phase3c_external_case_ensemble_comparison/products/ensemble_density_norm_2010-05-20T15-00-00Z.tif,50,
ensemble_probability,prob_presence,2010-05-20T16:00:00Z,output/CASE_DWH_RETRO_2010_72H/phase3c_external_case_ensemble_comparison/products/prob_presence_2010-05-20T16-00-00Z.tif,50,
ensemble_probability,mask_p50,2010-05-20T16:00:00Z,output/CASE_DWH_RETRO_2010_72H/phase3c_external_case_ensemble_comparison/products/mask_p50_2010-05-20T16-00-00Z.tif,50,
ensemble_probability,mask_p90,2010-05-20T16:00:00Z,output/CASE_DWH_RETRO_2010_72H/phase3c_external_case_ensemble_comparison/products/mask_p90_2010-05-20T16-00-00Z.tif,50,
ensemble_probability,ensemble_density_norm,2010-05-20T16:00:00Z,output/CASE_DWH_RETRO_2010_72H/phase3c_external_case_ensemble_comparison/products/ensemble_density_norm_2010-05-20T16-00-00Z.tif,50,
ensemble_probability,prob_presence,2010-05-20T17:00:00Z,output/CASE_DWH_RETRO_2010_72H/phase3c_external_case_ensemble_comparison/products/prob_presence_2010-05-20T17-00-00Z.tif,50,
ensemble_probability,mask_p50,2010-05-20T17:00:00Z,output/CASE_DWH_RETRO_2010_72H/phase3c_external_case_ensemble_comparison/products/mask_p50_2010-05-20T17-00-00Z.tif,50,
ensemble_probability,mask_p90,2010-05-20T17:00:00Z,output/CASE_DWH_RETRO_2010_72H/phase3c_external_case_ensemble_comparison/products/mask_p90_2010-05-20T17-00-00Z.tif,50,
ensemble_probability,ensemble_density_norm,2010-05-20T17:00:00Z,output/CASE_DWH_RETRO_2010_72H/phase3c_external_case_ensemble_comparison/products/ensemble_density_norm_2010-05-20T17-00-00Z.tif,50,
ensemble_probability,prob_presence,2010-05-20T18:00:00Z,output/CASE_DWH_RETRO_2010_72H/phase3c_external_case_ensemble_comparison/products/prob_presence_2010-05-20T18-00-00Z.tif,50,
ensemble_probability,mask_p50,2010-05-20T18:00:00Z,output/CASE_DWH_RETRO_2010_72H/phase3c_external_case_ensemble_comparison/products/mask_p50_2010-05-20T18-00-00Z.tif,50,
ensemble_probability,mask_p90,2010-05-20T18:00:00Z,output/CASE_DWH_RETRO_2010_72H/phase3c_external_case_ensemble_comparison/products/mask_p90_2010-05-20T18-00-00Z.tif,50,
ensemble_probability,ensemble_density_norm,2010-05-20T18:00:00Z,output/CASE_DWH_RETRO_2010_72H/phase3c_external_case_ensemble_comparison/products/ensemble_density_norm_2010-05-20T18-00-00Z.tif,50,
ensemble_probability,prob_presence,2010-05-20T19:00:00Z,output/CASE_DWH_RETRO_2010_72H/phase3c_external_case_ensemble_comparison/products/prob_presence_2010-05-20T19-00-00Z.tif,50,
ensemble_probability,mask_p50,2010-05-20T19:00:00Z,output/CASE_DWH_RETRO_2010_72H/phase3c_external_case_ensemble_comparison/products/mask_p50_2010-05-20T19-00-00Z.tif,50,
ensemble_probability,mask_p90,2010-05-20T19:00:00Z,output/CASE_DWH_RETRO_2010_72H/phase3c_external_case_ensemble_comparison/products/mask_p90_2010-05-20T19-00-00Z.tif,50,
ensemble_probability,ensemble_density_norm,2010-05-20T19:00:00Z,output/CASE_DWH_RETRO_2010_72H/phase3c_external_case_ensemble_comparison/products/ensemble_density_norm_2010-05-20T19-00-00Z.tif,50,
ensemble_probability,prob_presence,2010-05-20T20:00:00Z,output/CASE_DWH_RETRO_2010_72H/phase3c_external_case_ensemble_comparison/products/prob_presence_2010-05-20T20-00-00Z.tif,50,
ensemble_probability,mask_p50,2010-05-20T20:00:00Z,output/CASE_DWH_RETRO_2010_72H/phase3c_external_case_ensemble_comparison/products/mask_p50_2010-05-20T20-00-00Z.tif,50,
ensemble_probability,mask_p90,2010-05-20T20:00:00Z,output/CASE_DWH_RETRO_2010_72H/phase3c_external_case_ensemble_comparison/products/mask_p90_2010-05-20T20-00-00Z.tif,50,
ensemble_probability,ensemble_density_norm,2010-05-20T20:00:00Z,output/CASE_DWH_RETRO_2010_72H/phase3c_external_case_ensemble_comparison/products/ensemble_density_norm_2010-05-20T20-00-00Z.tif,50,
ensemble_probability,prob_presence,2010-05-20T21:00:00Z,output/CASE_DWH_RETRO_2010_72H/phase3c_external_case_ensemble_comparison/products/prob_presence_2010-05-20T21-00-00Z.tif,50,
ensemble_probability,mask_p50,2010-05-20T21:00:00Z,output/CASE_DWH_RETRO_2010_72H/phase3c_external_case_ensemble_comparison/products/mask_p50_2010-05-20T21-00-00Z.tif,50,
ensemble_probability,mask_p90,2010-05-20T21:00:00Z,output/CASE_DWH_RETRO_2010_72H/phase3c_external_case_ensemble_comparison/products/mask_p90_2010-05-20T21-00-00Z.tif,50,
ensemble_probability,ensemble_density_norm,2010-05-20T21:00:00Z,output/CASE_DWH_RETRO_2010_72H/phase3c_external_case_ensemble_comparison/products/ensemble_density_norm_2010-05-20T21-00-00Z.tif,50,
ensemble_probability,prob_presence,2010-05-20T22:00:00Z,output/CASE_DWH_RETRO_2010_72H/phase3c_external_case_ensemble_comparison/products/prob_presence_2010-05-20T22-00-00Z.tif,50,
ensemble_probability,mask_p50,2010-05-20T22:00:00Z,output/CASE_DWH_RETRO_2010_72H/phase3c_external_case_ensemble_comparison/products/mask_p50_2010-05-20T22-00-00Z.tif,50,
ensemble_probability,mask_p90,2010-05-20T22:00:00Z,output/CASE_DWH_RETRO_2010_72H/phase3c_external_case_ensemble_comparison/products/mask_p90_2010-05-20T22-00-00Z.tif,50,
ensemble_probability,ensemble_density_norm,2010-05-20T22:00:00Z,output/CASE_DWH_RETRO_2010_72H/phase3c_external_case_ensemble_comparison/products/ensemble_density_norm_2010-05-20T22-00-00Z.tif,50,
ensemble_probability,prob_presence,2010-05-20T23:00:00Z,output/CASE_DWH_RETRO_2010_72H/phase3c_external_case_ensemble_comparison/products/prob_presence_2010-05-20T23-00-00Z.tif,50,
ensemble_probability,mask_p50,2010-05-20T23:00:00Z,output/CASE_DWH_RETRO_2010_72H/phase3c_external_case_ensemble_comparison/products/mask_p50_2010-05-20T23-00-00Z.tif,50,
ensemble_probability,mask_p90,2010-05-20T23:00:00Z,output/CASE_DWH_RETRO_2010_72H/phase3c_external_case_ensemble_comparison/products/mask_p90_2010-05-20T23-00-00Z.tif,50,
ensemble_probability,ensemble_density_norm,2010-05-20T23:00:00Z,output/CASE_DWH_RETRO_2010_72H/phase3c_external_case_ensemble_comparison/products/ensemble_density_norm_2010-05-20T23-00-00Z.tif,50,
ensemble_probability,prob_presence,2010-05-21T00:00:00Z,output/CASE_DWH_RETRO_2010_72H/phase3c_external_case_ensemble_comparison/products/prob_presence_2010-05-21T00-00-00Z.tif,50,
ensemble_probability,mask_p50,2010-05-21T00:00:00Z,output/CASE_DWH_RETRO_2010_72H/phase3c_external_case_ensemble_comparison/products/mask_p50_2010-05-21T00-00-00Z.tif,50,
ensemble_probability,mask_p90,2010-05-21T00:00:00Z,output/CASE_DWH_RETRO_2010_72H/phase3c_external_case_ensemble_comparison/products/mask_p90_2010-05-21T00-00-00Z.tif,50,
ensemble_probability,ensemble_density_norm,2010-05-21T00:00:00Z,output/CASE_DWH_RETRO_2010_72H/phase3c_external_case_ensemble_comparison/products/ensemble_density_norm_2010-05-21T00-00-00Z.tif,50,
ensemble_probability,prob_presence,2010-05-21T01:00:00Z,output/CASE_DWH_RETRO_2010_72H/phase3c_external_case_ensemble_comparison/products/prob_presence_2010-05-21T01-00-00Z.tif,50,
ensemble_probability,mask_p50,2010-05-21T01:00:00Z,output/CASE_DWH_RETRO_2010_72H/phase3c_external_case_ensemble_comparison/products/mask_p50_2010-05-21T01-00-00Z.tif,50,
ensemble_probability,mask_p90,2010-05-21T01:00:00Z,output/CASE_DWH_RETRO_2010_72H/phase3c_external_case_ensemble_comparison/products/mask_p90_2010-05-21T01-00-00Z.tif,50,
ensemble_probability,ensemble_density_norm,2010-05-21T01:00:00Z,output/CASE_DWH_RETRO_2010_72H/phase3c_external_case_ensemble_comparison/products/ensemble_density_norm_2010-05-21T01-00-00Z.tif,50,
ensemble_probability,prob_presence,2010-05-21T02:00:00Z,output/CASE_DWH_RETRO_2010_72H/phase3c_external_case_ensemble_comparison/products/prob_presence_2010-05-21T02-00-00Z.tif,50,
ensemble_probability,mask_p50,2010-05-21T02:00:00Z,output/CASE_DWH_RETRO_2010_72H/phase3c_external_case_ensemble_comparison/products/mask_p50_2010-05-21T02-00-00Z.tif,50,
ensemble_probability,mask_p90,2010-05-21T02:00:00Z,output/CASE_DWH_RETRO_2010_72H/phase3c_external_case_ensemble_comparison/products/mask_p90_2010-05-21T02-00-00Z.tif,50,
ensemble_probability,ensemble_density_norm,2010-05-21T02:00:00Z,output/CASE_DWH_RETRO_2010_72H/phase3c_external_case_ensemble_comparison/products/ensemble_density_norm_2010-05-21T02-00-00Z.tif,50,
ensemble_probability,prob_presence,2010-05-21T03:00:00Z,output/CASE_DWH_RETRO_2010_72H/phase3c_external_case_ensemble_comparison/products/prob_presence_2010-05-21T03-00-00Z.tif,50,
ensemble_probability,mask_p50,2010-05-21T03:00:00Z,output/CASE_DWH_RETRO_2010_72H/phase3c_external_case_ensemble_comparison/products/mask_p50_2010-05-21T03-00-00Z.tif,50,
ensemble_probability,mask_p90,2010-05-21T03:00:00Z,output/CASE_DWH_RETRO_2010_72H/phase3c_external_case_ensemble_comparison/products/mask_p90_2010-05-21T03-00-00Z.tif,50,
ensemble_probability,ensemble_density_norm,2010-05-21T03:00:00Z,output/CASE_DWH_RETRO_2010_72H/phase3c_external_case_ensemble_comparison/products/ensemble_density_norm_2010-05-21T03-00-00Z.tif,50,
ensemble_probability,prob_presence,2010-05-21T04:00:00Z,output/CASE_DWH_RETRO_2010_72H/phase3c_external_case_ensemble_comparison/products/prob_presence_2010-05-21T04-00-00Z.tif,50,
ensemble_probability,mask_p50,2010-05-21T04:00:00Z,output/CASE_DWH_RETRO_2010_72H/phase3c_external_case_ensemble_comparison/products/mask_p50_2010-05-21T04-00-00Z.tif,50,
ensemble_probability,mask_p90,2010-05-21T04:00:00Z,output/CASE_DWH_RETRO_2010_72H/phase3c_external_case_ensemble_comparison/products/mask_p90_2010-05-21T04-00-00Z.tif,50,
ensemble_probability,ensemble_density_norm,2010-05-21T04:00:00Z,output/CASE_DWH_RETRO_2010_72H/phase3c_external_case_ensemble_comparison/products/ensemble_density_norm_2010-05-21T04-00-00Z.tif,50,
ensemble_probability,prob_presence,2010-05-21T05:00:00Z,output/CASE_DWH_RETRO_2010_72H/phase3c_external_case_ensemble_comparison/products/prob_presence_2010-05-21T05-00-00Z.tif,50,
ensemble_probability,mask_p50,2010-05-21T05:00:00Z,output/CASE_DWH_RETRO_2010_72H/phase3c_external_case_ensemble_comparison/products/mask_p50_2010-05-21T05-00-00Z.tif,50,
ensemble_probability,mask_p90,2010-05-21T05:00:00Z,output/CASE_DWH_RETRO_2010_72H/phase3c_external_case_ensemble_comparison/products/mask_p90_2010-05-21T05-00-00Z.tif,50,
ensemble_probability,ensemble_density_norm,2010-05-21T05:00:00Z,output/CASE_DWH_RETRO_2010_72H/phase3c_external_case_ensemble_comparison/products/ensemble_density_norm_2010-05-21T05-00-00Z.tif,50,
ensemble_probability,prob_presence,2010-05-21T06:00:00Z,output/CASE_DWH_RETRO_2010_72H/phase3c_external_case_ensemble_comparison/products/prob_presence_2010-05-21T06-00-00Z.tif,50,
ensemble_probability,mask_p50,2010-05-21T06:00:00Z,output/CASE_DWH_RETRO_2010_72H/phase3c_external_case_ensemble_comparison/products/mask_p50_2010-05-21T06-00-00Z.tif,50,
ensemble_probability,mask_p90,2010-05-21T06:00:00Z,output/CASE_DWH_RETRO_2010_72H/phase3c_external_case_ensemble_comparison/products/mask_p90_2010-05-21T06-00-00Z.tif,50,
ensemble_probability,ensemble_density_norm,2010-05-21T06:00:00Z,output/CASE_DWH_RETRO_2010_72H/phase3c_external_case_ensemble_comparison/products/ensemble_density_norm_2010-05-21T06-00-00Z.tif,50,
ensemble_probability,prob_presence,2010-05-21T07:00:00Z,output/CASE_DWH_RETRO_2010_72H/phase3c_external_case_ensemble_comparison/products/prob_presence_2010-05-21T07-00-00Z.tif,50,
ensemble_probability,mask_p50,2010-05-21T07:00:00Z,output/CASE_DWH_RETRO_2010_72H/phase3c_external_case_ensemble_comparison/products/mask_p50_2010-05-21T07-00-00Z.tif,50,
ensemble_probability,mask_p90,2010-05-21T07:00:00Z,output/CASE_DWH_RETRO_2010_72H/phase3c_external_case_ensemble_comparison/products/mask_p90_2010-05-21T07-00-00Z.tif,50,
ensemble_probability,ensemble_density_norm,2010-05-21T07:00:00Z,output/CASE_DWH_RETRO_2010_72H/phase3c_external_case_ensemble_comparison/products/ensemble_density_norm_2010-05-21T07-00-00Z.tif,50,
ensemble_probability,prob_presence,2010-05-21T08:00:00Z,output/CASE_DWH_RETRO_2010_72H/phase3c_external_case_ensemble_comparison/products/prob_presence_2010-05-21T08-00-00Z.tif,50,
ensemble_probability,mask_p50,2010-05-21T08:00:00Z,output/CASE_DWH_RETRO_2010_72H/phase3c_external_case_ensemble_comparison/products/mask_p50_2010-05-21T08-00-00Z.tif,50,
ensemble_probability,mask_p90,2010-05-21T08:00:00Z,output/CASE_DWH_RETRO_2010_72H/phase3c_external_case_ensemble_comparison/products/mask_p90_2010-05-21T08-00-00Z.tif,50,
ensemble_probability,ensemble_density_norm,2010-05-21T08:00:00Z,output/CASE_DWH_RETRO_2010_72H/phase3c_external_case_ensemble_comparison/products/ensemble_density_norm_2010-05-21T08-00-00Z.tif,50,
ensemble_probability,prob_presence,2010-05-21T09:00:00Z,output/CASE_DWH_RETRO_2010_72H/phase3c_external_case_ensemble_comparison/products/prob_presence_2010-05-21T09-00-00Z.tif,50,
ensemble_probability,mask_p50,2010-05-21T09:00:00Z,output/CASE_DWH_RETRO_2010_72H/phase3c_external_case_ensemble_comparison/products/mask_p50_2010-05-21T09-00-00Z.tif,50,
ensemble_probability,mask_p90,2010-05-21T09:00:00Z,output/CASE_DWH_RETRO_2010_72H/phase3c_external_case_ensemble_comparison/products/mask_p90_2010-05-21T09-00-00Z.tif,50,
ensemble_probability,ensemble_density_norm,2010-05-21T09:00:00Z,output/CASE_DWH_RETRO_2010_72H/phase3c_external_case_ensemble_comparison/products/ensemble_density_norm_2010-05-21T09-00-00Z.tif,50,
ensemble_probability,prob_presence,2010-05-21T10:00:00Z,output/CASE_DWH_RETRO_2010_72H/phase3c_external_case_ensemble_comparison/products/prob_presence_2010-05-21T10-00-00Z.tif,50,
ensemble_probability,mask_p50,2010-05-21T10:00:00Z,output/CASE_DWH_RETRO_2010_72H/phase3c_external_case_ensemble_comparison/products/mask_p50_2010-05-21T10-00-00Z.tif,50,
ensemble_probability,mask_p90,2010-05-21T10:00:00Z,output/CASE_DWH_RETRO_2010_72H/phase3c_external_case_ensemble_comparison/products/mask_p90_2010-05-21T10-00-00Z.tif,50,
ensemble_probability,ensemble_density_norm,2010-05-21T10:00:00Z,output/CASE_DWH_RETRO_2010_72H/phase3c_external_case_ensemble_comparison/products/ensemble_density_norm_2010-05-21T10-00-00Z.tif,50,
ensemble_probability,prob_presence,2010-05-21T11:00:00Z,output/CASE_DWH_RETRO_2010_72H/phase3c_external_case_ensemble_comparison/products/prob_presence_2010-05-21T11-00-00Z.tif,50,
ensemble_probability,mask_p50,2010-05-21T11:00:00Z,output/CASE_DWH_RETRO_2010_72H/phase3c_external_case_ensemble_comparison/products/mask_p50_2010-05-21T11-00-00Z.tif,50,
ensemble_probability,mask_p90,2010-05-21T11:00:00Z,output/CASE_DWH_RETRO_2010_72H/phase3c_external_case_ensemble_comparison/products/mask_p90_2010-05-21T11-00-00Z.tif,50,
ensemble_probability,ensemble_density_norm,2010-05-21T11:00:00Z,output/CASE_DWH_RETRO_2010_72H/phase3c_external_case_ensemble_comparison/products/ensemble_density_norm_2010-05-21T11-00-00Z.tif,50,
ensemble_probability,prob_presence,2010-05-21T12:00:00Z,output/CASE_DWH_RETRO_2010_72H/phase3c_external_case_ensemble_comparison/products/prob_presence_2010-05-21T12-00-00Z.tif,50,
ensemble_probability,mask_p50,2010-05-21T12:00:00Z,output/CASE_DWH_RETRO_2010_72H/phase3c_external_case_ensemble_comparison/products/mask_p50_2010-05-21T12-00-00Z.tif,50,
ensemble_probability,mask_p90,2010-05-21T12:00:00Z,output/CASE_DWH_RETRO_2010_72H/phase3c_external_case_ensemble_comparison/products/mask_p90_2010-05-21T12-00-00Z.tif,50,
ensemble_probability,ensemble_density_norm,2010-05-21T12:00:00Z,output/CASE_DWH_RETRO_2010_72H/phase3c_external_case_ensemble_comparison/products/ensemble_density_norm_2010-05-21T12-00-00Z.tif,50,
ensemble_probability,prob_presence,2010-05-21T13:00:00Z,output/CASE_DWH_RETRO_2010_72H/phase3c_external_case_ensemble_comparison/products/prob_presence_2010-05-21T13-00-00Z.tif,50,
ensemble_probability,mask_p50,2010-05-21T13:00:00Z,output/CASE_DWH_RETRO_2010_72H/phase3c_external_case_ensemble_comparison/products/mask_p50_2010-05-21T13-00-00Z.tif,50,
ensemble_probability,mask_p90,2010-05-21T13:00:00Z,output/CASE_DWH_RETRO_2010_72H/phase3c_external_case_ensemble_comparison/products/mask_p90_2010-05-21T13-00-00Z.tif,50,
ensemble_probability,ensemble_density_norm,2010-05-21T13:00:00Z,output/CASE_DWH_RETRO_2010_72H/phase3c_external_case_ensemble_comparison/products/ensemble_density_norm_2010-05-21T13-00-00Z.tif,50,
ensemble_probability,prob_presence,2010-05-21T14:00:00Z,output/CASE_DWH_RETRO_2010_72H/phase3c_external_case_ensemble_comparison/products/prob_presence_2010-05-21T14-00-00Z.tif,50,
ensemble_probability,mask_p50,2010-05-21T14:00:00Z,output/CASE_DWH_RETRO_2010_72H/phase3c_external_case_ensemble_comparison/products/mask_p50_2010-05-21T14-00-00Z.tif,50,
ensemble_probability,mask_p90,2010-05-21T14:00:00Z,output/CASE_DWH_RETRO_2010_72H/phase3c_external_case_ensemble_comparison/products/mask_p90_2010-05-21T14-00-00Z.tif,50,
ensemble_probability,ensemble_density_norm,2010-05-21T14:00:00Z,output/CASE_DWH_RETRO_2010_72H/phase3c_external_case_ensemble_comparison/products/ensemble_density_norm_2010-05-21T14-00-00Z.tif,50,
ensemble_probability,prob_presence,2010-05-21T15:00:00Z,output/CASE_DWH_RETRO_2010_72H/phase3c_external_case_ensemble_comparison/products/prob_presence_2010-05-21T15-00-00Z.tif,50,
ensemble_probability,mask_p50,2010-05-21T15:00:00Z,output/CASE_DWH_RETRO_2010_72H/phase3c_external_case_ensemble_comparison/products/mask_p50_2010-05-21T15-00-00Z.tif,50,
ensemble_probability,mask_p90,2010-05-21T15:00:00Z,output/CASE_DWH_RETRO_2010_72H/phase3c_external_case_ensemble_comparison/products/mask_p90_2010-05-21T15-00-00Z.tif,50,
ensemble_probability,ensemble_density_norm,2010-05-21T15:00:00Z,output/CASE_DWH_RETRO_2010_72H/phase3c_external_case_ensemble_comparison/products/ensemble_density_norm_2010-05-21T15-00-00Z.tif,50,
ensemble_probability,prob_presence,2010-05-21T16:00:00Z,output/CASE_DWH_RETRO_2010_72H/phase3c_external_case_ensemble_comparison/products/prob_presence_2010-05-21T16-00-00Z.tif,50,
ensemble_probability,mask_p50,2010-05-21T16:00:00Z,output/CASE_DWH_RETRO_2010_72H/phase3c_external_case_ensemble_comparison/products/mask_p50_2010-05-21T16-00-00Z.tif,50,
ensemble_probability,mask_p90,2010-05-21T16:00:00Z,output/CASE_DWH_RETRO_2010_72H/phase3c_external_case_ensemble_comparison/products/mask_p90_2010-05-21T16-00-00Z.tif,50,
ensemble_probability,ensemble_density_norm,2010-05-21T16:00:00Z,output/CASE_DWH_RETRO_2010_72H/phase3c_external_case_ensemble_comparison/products/ensemble_density_norm_2010-05-21T16-00-00Z.tif,50,
ensemble_probability,prob_presence,2010-05-21T17:00:00Z,output/CASE_DWH_RETRO_2010_72H/phase3c_external_case_ensemble_comparison/products/prob_presence_2010-05-21T17-00-00Z.tif,50,
ensemble_probability,mask_p50,2010-05-21T17:00:00Z,output/CASE_DWH_RETRO_2010_72H/phase3c_external_case_ensemble_comparison/products/mask_p50_2010-05-21T17-00-00Z.tif,50,
ensemble_probability,mask_p90,2010-05-21T17:00:00Z,output/CASE_DWH_RETRO_2010_72H/phase3c_external_case_ensemble_comparison/products/mask_p90_2010-05-21T17-00-00Z.tif,50,
ensemble_probability,ensemble_density_norm,2010-05-21T17:00:00Z,output/CASE_DWH_RETRO_2010_72H/phase3c_external_case_ensemble_comparison/products/ensemble_density_norm_2010-05-21T17-00-00Z.tif,50,
ensemble_probability,prob_presence,2010-05-21T18:00:00Z,output/CASE_DWH_RETRO_2010_72H/phase3c_external_case_ensemble_comparison/products/prob_presence_2010-05-21T18-00-00Z.tif,50,
ensemble_probability,mask_p50,2010-05-21T18:00:00Z,output/CASE_DWH_RETRO_2010_72H/phase3c_external_case_ensemble_comparison/products/mask_p50_2010-05-21T18-00-00Z.tif,50,
ensemble_probability,mask_p90,2010-05-21T18:00:00Z,output/CASE_DWH_RETRO_2010_72H/phase3c_external_case_ensemble_comparison/products/mask_p90_2010-05-21T18-00-00Z.tif,50,
ensemble_probability,ensemble_density_norm,2010-05-21T18:00:00Z,output/CASE_DWH_RETRO_2010_72H/phase3c_external_case_ensemble_comparison/products/ensemble_density_norm_2010-05-21T18-00-00Z.tif,50,
ensemble_probability,prob_presence,2010-05-21T19:00:00Z,output/CASE_DWH_RETRO_2010_72H/phase3c_external_case_ensemble_comparison/products/prob_presence_2010-05-21T19-00-00Z.tif,50,
ensemble_probability,mask_p50,2010-05-21T19:00:00Z,output/CASE_DWH_RETRO_2010_72H/phase3c_external_case_ensemble_comparison/products/mask_p50_2010-05-21T19-00-00Z.tif,50,
ensemble_probability,mask_p90,2010-05-21T19:00:00Z,output/CASE_DWH_RETRO_2010_72H/phase3c_external_case_ensemble_comparison/products/mask_p90_2010-05-21T19-00-00Z.tif,50,
ensemble_probability,ensemble_density_norm,2010-05-21T19:00:00Z,output/CASE_DWH_RETRO_2010_72H/phase3c_external_case_ensemble_comparison/products/ensemble_density_norm_2010-05-21T19-00-00Z.tif,50,
ensemble_probability,prob_presence,2010-05-21T20:00:00Z,output/CASE_DWH_RETRO_2010_72H/phase3c_external_case_ensemble_comparison/products/prob_presence_2010-05-21T20-00-00Z.tif,50,
ensemble_probability,mask_p50,2010-05-21T20:00:00Z,output/CASE_DWH_RETRO_2010_72H/phase3c_external_case_ensemble_comparison/products/mask_p50_2010-05-21T20-00-00Z.tif,50,
ensemble_probability,mask_p90,2010-05-21T20:00:00Z,output/CASE_DWH_RETRO_2010_72H/phase3c_external_case_ensemble_comparison/products/mask_p90_2010-05-21T20-00-00Z.tif,50,
ensemble_probability,ensemble_density_norm,2010-05-21T20:00:00Z,output/CASE_DWH_RETRO_2010_72H/phase3c_external_case_ensemble_comparison/products/ensemble_density_norm_2010-05-21T20-00-00Z.tif,50,
ensemble_probability,prob_presence,2010-05-21T21:00:00Z,output/CASE_DWH_RETRO_2010_72H/phase3c_external_case_ensemble_comparison/products/prob_presence_2010-05-21T21-00-00Z.tif,50,
ensemble_probability,mask_p50,2010-05-21T21:00:00Z,output/CASE_DWH_RETRO_2010_72H/phase3c_external_case_ensemble_comparison/products/mask_p50_2010-05-21T21-00-00Z.tif,50,
ensemble_probability,mask_p90,2010-05-21T21:00:00Z,output/CASE_DWH_RETRO_2010_72H/phase3c_external_case_ensemble_comparison/products/mask_p90_2010-05-21T21-00-00Z.tif,50,
ensemble_probability,ensemble_density_norm,2010-05-21T21:00:00Z,output/CASE_DWH_RETRO_2010_72H/phase3c_external_case_ensemble_comparison/products/ensemble_density_norm_2010-05-21T21-00-00Z.tif,50,
ensemble_probability,prob_presence,2010-05-21T22:00:00Z,output/CASE_DWH_RETRO_2010_72H/phase3c_external_case_ensemble_comparison/products/prob_presence_2010-05-21T22-00-00Z.tif,50,
ensemble_probability,mask_p50,2010-05-21T22:00:00Z,output/CASE_DWH_RETRO_2010_72H/phase3c_external_case_ensemble_comparison/products/mask_p50_2010-05-21T22-00-00Z.tif,50,
ensemble_probability,mask_p90,2010-05-21T22:00:00Z,output/CASE_DWH_RETRO_2010_72H/phase3c_external_case_ensemble_comparison/products/mask_p90_2010-05-21T22-00-00Z.tif,50,
ensemble_probability,ensemble_density_norm,2010-05-21T22:00:00Z,output/CASE_DWH_RETRO_2010_72H/phase3c_external_case_ensemble_comparison/products/ensemble_density_norm_2010-05-21T22-00-00Z.tif,50,
ensemble_probability,prob_presence,2010-05-21T23:00:00Z,output/CASE_DWH_RETRO_2010_72H/phase3c_external_case_ensemble_comparison/products/prob_presence_2010-05-21T23-00-00Z.tif,50,
ensemble_probability,mask_p50,2010-05-21T23:00:00Z,output/CASE_DWH_RETRO_2010_72H/phase3c_external_case_ensemble_comparison/products/mask_p50_2010-05-21T23-00-00Z.tif,50,
ensemble_probability,mask_p90,2010-05-21T23:00:00Z,output/CASE_DWH_RETRO_2010_72H/phase3c_external_case_ensemble_comparison/products/mask_p90_2010-05-21T23-00-00Z.tif,50,
ensemble_probability,ensemble_density_norm,2010-05-21T23:00:00Z,output/CASE_DWH_RETRO_2010_72H/phase3c_external_case_ensemble_comparison/products/ensemble_density_norm_2010-05-21T23-00-00Z.tif,50,
ensemble_probability,prob_presence,2010-05-22T00:00:00Z,output/CASE_DWH_RETRO_2010_72H/phase3c_external_case_ensemble_comparison/products/prob_presence_2010-05-22T00-00-00Z.tif,50,
ensemble_probability,mask_p50,2010-05-22T00:00:00Z,output/CASE_DWH_RETRO_2010_72H/phase3c_external_case_ensemble_comparison/products/mask_p50_2010-05-22T00-00-00Z.tif,50,
ensemble_probability,mask_p90,2010-05-22T00:00:00Z,output/CASE_DWH_RETRO_2010_72H/phase3c_external_case_ensemble_comparison/products/mask_p90_2010-05-22T00-00-00Z.tif,50,
ensemble_probability,ensemble_density_norm,2010-05-22T00:00:00Z,output/CASE_DWH_RETRO_2010_72H/phase3c_external_case_ensemble_comparison/products/ensemble_density_norm_2010-05-22T00-00-00Z.tif,50,
ensemble_probability,prob_presence,2010-05-22T01:00:00Z,output/CASE_DWH_RETRO_2010_72H/phase3c_external_case_ensemble_comparison/products/prob_presence_2010-05-22T01-00-00Z.tif,50,
ensemble_probability,mask_p50,2010-05-22T01:00:00Z,output/CASE_DWH_RETRO_2010_72H/phase3c_external_case_ensemble_comparison/products/mask_p50_2010-05-22T01-00-00Z.tif,50,
ensemble_probability,mask_p90,2010-05-22T01:00:00Z,output/CASE_DWH_RETRO_2010_72H/phase3c_external_case_ensemble_comparison/products/mask_p90_2010-05-22T01-00-00Z.tif,50,
ensemble_probability,ensemble_density_norm,2010-05-22T01:00:00Z,output/CASE_DWH_RETRO_2010_72H/phase3c_external_case_ensemble_comparison/products/ensemble_density_norm_2010-05-22T01-00-00Z.tif,50,
ensemble_probability,prob_presence,2010-05-22T02:00:00Z,output/CASE_DWH_RETRO_2010_72H/phase3c_external_case_ensemble_comparison/products/prob_presence_2010-05-22T02-00-00Z.tif,50,
ensemble_probability,mask_p50,2010-05-22T02:00:00Z,output/CASE_DWH_RETRO_2010_72H/phase3c_external_case_ensemble_comparison/products/mask_p50_2010-05-22T02-00-00Z.tif,50,
ensemble_probability,mask_p90,2010-05-22T02:00:00Z,output/CASE_DWH_RETRO_2010_72H/phase3c_external_case_ensemble_comparison/products/mask_p90_2010-05-22T02-00-00Z.tif,50,
ensemble_probability,ensemble_density_norm,2010-05-22T02:00:00Z,output/CASE_DWH_RETRO_2010_72H/phase3c_external_case_ensemble_comparison/products/ensemble_density_norm_2010-05-22T02-00-00Z.tif,50,
ensemble_probability,prob_presence,2010-05-22T03:00:00Z,output/CASE_DWH_RETRO_2010_72H/phase3c_external_case_ensemble_comparison/products/prob_presence_2010-05-22T03-00-00Z.tif,50,
ensemble_probability,mask_p50,2010-05-22T03:00:00Z,output/CASE_DWH_RETRO_2010_72H/phase3c_external_case_ensemble_comparison/products/mask_p50_2010-05-22T03-00-00Z.tif,50,
ensemble_probability,mask_p90,2010-05-22T03:00:00Z,output/CASE_DWH_RETRO_2010_72H/phase3c_external_case_ensemble_comparison/products/mask_p90_2010-05-22T03-00-00Z.tif,50,
ensemble_probability,ensemble_density_norm,2010-05-22T03:00:00Z,output/CASE_DWH_RETRO_2010_72H/phase3c_external_case_ensemble_comparison/products/ensemble_density_norm_2010-05-22T03-00-00Z.tif,50,
ensemble_probability,prob_presence,2010-05-22T04:00:00Z,output/CASE_DWH_RETRO_2010_72H/phase3c_external_case_ensemble_comparison/products/prob_presence_2010-05-22T04-00-00Z.tif,50,
ensemble_probability,mask_p50,2010-05-22T04:00:00Z,output/CASE_DWH_RETRO_2010_72H/phase3c_external_case_ensemble_comparison/products/mask_p50_2010-05-22T04-00-00Z.tif,50,
ensemble_probability,mask_p90,2010-05-22T04:00:00Z,output/CASE_DWH_RETRO_2010_72H/phase3c_external_case_ensemble_comparison/products/mask_p90_2010-05-22T04-00-00Z.tif,50,
ensemble_probability,ensemble_density_norm,2010-05-22T04:00:00Z,output/CASE_DWH_RETRO_2010_72H/phase3c_external_case_ensemble_comparison/products/ensemble_density_norm_2010-05-22T04-00-00Z.tif,50,
ensemble_probability,prob_presence,2010-05-22T05:00:00Z,output/CASE_DWH_RETRO_2010_72H/phase3c_external_case_ensemble_comparison/products/prob_presence_2010-05-22T05-00-00Z.tif,50,
ensemble_probability,mask_p50,2010-05-22T05:00:00Z,output/CASE_DWH_RETRO_2010_72H/phase3c_external_case_ensemble_comparison/products/mask_p50_2010-05-22T05-00-00Z.tif,50,
ensemble_probability,mask_p90,2010-05-22T05:00:00Z,output/CASE_DWH_RETRO_2010_72H/phase3c_external_case_ensemble_comparison/products/mask_p90_2010-05-22T05-00-00Z.tif,50,
ensemble_probability,ensemble_density_norm,2010-05-22T05:00:00Z,output/CASE_DWH_RETRO_2010_72H/phase3c_external_case_ensemble_comparison/products/ensemble_density_norm_2010-05-22T05-00-00Z.tif,50,
ensemble_probability,prob_presence,2010-05-22T06:00:00Z,output/CASE_DWH_RETRO_2010_72H/phase3c_external_case_ensemble_comparison/products/prob_presence_2010-05-22T06-00-00Z.tif,50,
ensemble_probability,mask_p50,2010-05-22T06:00:00Z,output/CASE_DWH_RETRO_2010_72H/phase3c_external_case_ensemble_comparison/products/mask_p50_2010-05-22T06-00-00Z.tif,50,
ensemble_probability,mask_p90,2010-05-22T06:00:00Z,output/CASE_DWH_RETRO_2010_72H/phase3c_external_case_ensemble_comparison/products/mask_p90_2010-05-22T06-00-00Z.tif,50,
ensemble_probability,ensemble_density_norm,2010-05-22T06:00:00Z,output/CASE_DWH_RETRO_2010_72H/phase3c_external_case_ensemble_comparison/products/ensemble_density_norm_2010-05-22T06-00-00Z.tif,50,
ensemble_probability,prob_presence,2010-05-22T07:00:00Z,output/CASE_DWH_RETRO_2010_72H/phase3c_external_case_ensemble_comparison/products/prob_presence_2010-05-22T07-00-00Z.tif,50,
ensemble_probability,mask_p50,2010-05-22T07:00:00Z,output/CASE_DWH_RETRO_2010_72H/phase3c_external_case_ensemble_comparison/products/mask_p50_2010-05-22T07-00-00Z.tif,50,
ensemble_probability,mask_p90,2010-05-22T07:00:00Z,output/CASE_DWH_RETRO_2010_72H/phase3c_external_case_ensemble_comparison/products/mask_p90_2010-05-22T07-00-00Z.tif,50,
ensemble_probability,ensemble_density_norm,2010-05-22T07:00:00Z,output/CASE_DWH_RETRO_2010_72H/phase3c_external_case_ensemble_comparison/products/ensemble_density_norm_2010-05-22T07-00-00Z.tif,50,
ensemble_probability,prob_presence,2010-05-22T08:00:00Z,output/CASE_DWH_RETRO_2010_72H/phase3c_external_case_ensemble_comparison/products/prob_presence_2010-05-22T08-00-00Z.tif,50,
ensemble_probability,mask_p50,2010-05-22T08:00:00Z,output/CASE_DWH_RETRO_2010_72H/phase3c_external_case_ensemble_comparison/products/mask_p50_2010-05-22T08-00-00Z.tif,50,
ensemble_probability,mask_p90,2010-05-22T08:00:00Z,output/CASE_DWH_RETRO_2010_72H/phase3c_external_case_ensemble_comparison/products/mask_p90_2010-05-22T08-00-00Z.tif,50,
ensemble_probability,ensemble_density_norm,2010-05-22T08:00:00Z,output/CASE_DWH_RETRO_2010_72H/phase3c_external_case_ensemble_comparison/products/ensemble_density_norm_2010-05-22T08-00-00Z.tif,50,
ensemble_probability,prob_presence,2010-05-22T09:00:00Z,output/CASE_DWH_RETRO_2010_72H/phase3c_external_case_ensemble_comparison/products/prob_presence_2010-05-22T09-00-00Z.tif,50,
ensemble_probability,mask_p50,2010-05-22T09:00:00Z,output/CASE_DWH_RETRO_2010_72H/phase3c_external_case_ensemble_comparison/products/mask_p50_2010-05-22T09-00-00Z.tif,50,
ensemble_probability,mask_p90,2010-05-22T09:00:00Z,output/CASE_DWH_RETRO_2010_72H/phase3c_external_case_ensemble_comparison/products/mask_p90_2010-05-22T09-00-00Z.tif,50,
ensemble_probability,ensemble_density_norm,2010-05-22T09:00:00Z,output/CASE_DWH_RETRO_2010_72H/phase3c_external_case_ensemble_comparison/products/ensemble_density_norm_2010-05-22T09-00-00Z.tif,50,
ensemble_probability,prob_presence,2010-05-22T10:00:00Z,output/CASE_DWH_RETRO_2010_72H/phase3c_external_case_ensemble_comparison/products/prob_presence_2010-05-22T10-00-00Z.tif,50,
ensemble_probability,mask_p50,2010-05-22T10:00:00Z,output/CASE_DWH_RETRO_2010_72H/phase3c_external_case_ensemble_comparison/products/mask_p50_2010-05-22T10-00-00Z.tif,50,
ensemble_probability,mask_p90,2010-05-22T10:00:00Z,output/CASE_DWH_RETRO_2010_72H/phase3c_external_case_ensemble_comparison/products/mask_p90_2010-05-22T10-00-00Z.tif,50,
ensemble_probability,ensemble_density_norm,2010-05-22T10:00:00Z,output/CASE_DWH_RETRO_2010_72H/phase3c_external_case_ensemble_comparison/products/ensemble_density_norm_2010-05-22T10-00-00Z.tif,50,
ensemble_probability,prob_presence,2010-05-22T11:00:00Z,output/CASE_DWH_RETRO_2010_72H/phase3c_external_case_ensemble_comparison/products/prob_presence_2010-05-22T11-00-00Z.tif,50,
ensemble_probability,mask_p50,2010-05-22T11:00:00Z,output/CASE_DWH_RETRO_2010_72H/phase3c_external_case_ensemble_comparison/products/mask_p50_2010-05-22T11-00-00Z.tif,50,
ensemble_probability,mask_p90,2010-05-22T11:00:00Z,output/CASE_DWH_RETRO_2010_72H/phase3c_external_case_ensemble_comparison/products/mask_p90_2010-05-22T11-00-00Z.tif,50,
ensemble_probability,ensemble_density_norm,2010-05-22T11:00:00Z,output/CASE_DWH_RETRO_2010_72H/phase3c_external_case_ensemble_comparison/products/ensemble_density_norm_2010-05-22T11-00-00Z.tif,50,
ensemble_probability,prob_presence,2010-05-22T12:00:00Z,output/CASE_DWH_RETRO_2010_72H/phase3c_external_case_ensemble_comparison/products/prob_presence_2010-05-22T12-00-00Z.tif,50,
ensemble_probability,mask_p50,2010-05-22T12:00:00Z,output/CASE_DWH_RETRO_2010_72H/phase3c_external_case_ensemble_comparison/products/mask_p50_2010-05-22T12-00-00Z.tif,50,
ensemble_probability,mask_p90,2010-05-22T12:00:00Z,output/CASE_DWH_RETRO_2010_72H/phase3c_external_case_ensemble_comparison/products/mask_p90_2010-05-22T12-00-00Z.tif,50,
ensemble_probability,ensemble_density_norm,2010-05-22T12:00:00Z,output/CASE_DWH_RETRO_2010_72H/phase3c_external_case_ensemble_comparison/products/ensemble_density_norm_2010-05-22T12-00-00Z.tif,50,
ensemble_probability,prob_presence,2010-05-22T13:00:00Z,output/CASE_DWH_RETRO_2010_72H/phase3c_external_case_ensemble_comparison/products/prob_presence_2010-05-22T13-00-00Z.tif,50,
ensemble_probability,mask_p50,2010-05-22T13:00:00Z,output/CASE_DWH_RETRO_2010_72H/phase3c_external_case_ensemble_comparison/products/mask_p50_2010-05-22T13-00-00Z.tif,50,
ensemble_probability,mask_p90,2010-05-22T13:00:00Z,output/CASE_DWH_RETRO_2010_72H/phase3c_external_case_ensemble_comparison/products/mask_p90_2010-05-22T13-00-00Z.tif,50,
ensemble_probability,ensemble_density_norm,2010-05-22T13:00:00Z,output/CASE_DWH_RETRO_2010_72H/phase3c_external_case_ensemble_comparison/products/ensemble_density_norm_2010-05-22T13-00-00Z.tif,50,
ensemble_probability,prob_presence,2010-05-22T14:00:00Z,output/CASE_DWH_RETRO_2010_72H/phase3c_external_case_ensemble_comparison/products/prob_presence_2010-05-22T14-00-00Z.tif,50,
ensemble_probability,mask_p50,2010-05-22T14:00:00Z,output/CASE_DWH_RETRO_2010_72H/phase3c_external_case_ensemble_comparison/products/mask_p50_2010-05-22T14-00-00Z.tif,50,
ensemble_probability,mask_p90,2010-05-22T14:00:00Z,output/CASE_DWH_RETRO_2010_72H/phase3c_external_case_ensemble_comparison/products/mask_p90_2010-05-22T14-00-00Z.tif,50,
ensemble_probability,ensemble_density_norm,2010-05-22T14:00:00Z,output/CASE_DWH_RETRO_2010_72H/phase3c_external_case_ensemble_comparison/products/ensemble_density_norm_2010-05-22T14-00-00Z.tif,50,
ensemble_probability,prob_presence,2010-05-22T15:00:00Z,output/CASE_DWH_RETRO_2010_72H/phase3c_external_case_ensemble_comparison/products/prob_presence_2010-05-22T15-00-00Z.tif,50,
ensemble_probability,mask_p50,2010-05-22T15:00:00Z,output/CASE_DWH_RETRO_2010_72H/phase3c_external_case_ensemble_comparison/products/mask_p50_2010-05-22T15-00-00Z.tif,50,
ensemble_probability,mask_p90,2010-05-22T15:00:00Z,output/CASE_DWH_RETRO_2010_72H/phase3c_external_case_ensemble_comparison/products/mask_p90_2010-05-22T15-00-00Z.tif,50,
ensemble_probability,ensemble_density_norm,2010-05-22T15:00:00Z,output/CASE_DWH_RETRO_2010_72H/phase3c_external_case_ensemble_comparison/products/ensemble_density_norm_2010-05-22T15-00-00Z.tif,50,
ensemble_probability,prob_presence,2010-05-22T16:00:00Z,output/CASE_DWH_RETRO_2010_72H/phase3c_external_case_ensemble_comparison/products/prob_presence_2010-05-22T16-00-00Z.tif,50,
ensemble_probability,mask_p50,2010-05-22T16:00:00Z,output/CASE_DWH_RETRO_2010_72H/phase3c_external_case_ensemble_comparison/products/mask_p50_2010-05-22T16-00-00Z.tif,50,
ensemble_probability,mask_p90,2010-05-22T16:00:00Z,output/CASE_DWH_RETRO_2010_72H/phase3c_external_case_ensemble_comparison/products/mask_p90_2010-05-22T16-00-00Z.tif,50,
ensemble_probability,ensemble_density_norm,2010-05-22T16:00:00Z,output/CASE_DWH_RETRO_2010_72H/phase3c_external_case_ensemble_comparison/products/ensemble_density_norm_2010-05-22T16-00-00Z.tif,50,
ensemble_probability,prob_presence,2010-05-22T17:00:00Z,output/CASE_DWH_RETRO_2010_72H/phase3c_external_case_ensemble_comparison/products/prob_presence_2010-05-22T17-00-00Z.tif,50,
ensemble_probability,mask_p50,2010-05-22T17:00:00Z,output/CASE_DWH_RETRO_2010_72H/phase3c_external_case_ensemble_comparison/products/mask_p50_2010-05-22T17-00-00Z.tif,50,
ensemble_probability,mask_p90,2010-05-22T17:00:00Z,output/CASE_DWH_RETRO_2010_72H/phase3c_external_case_ensemble_comparison/products/mask_p90_2010-05-22T17-00-00Z.tif,50,
ensemble_probability,ensemble_density_norm,2010-05-22T17:00:00Z,output/CASE_DWH_RETRO_2010_72H/phase3c_external_case_ensemble_comparison/products/ensemble_density_norm_2010-05-22T17-00-00Z.tif,50,
ensemble_probability,prob_presence,2010-05-22T18:00:00Z,output/CASE_DWH_RETRO_2010_72H/phase3c_external_case_ensemble_comparison/products/prob_presence_2010-05-22T18-00-00Z.tif,50,
ensemble_probability,mask_p50,2010-05-22T18:00:00Z,output/CASE_DWH_RETRO_2010_72H/phase3c_external_case_ensemble_comparison/products/mask_p50_2010-05-22T18-00-00Z.tif,50,
ensemble_probability,mask_p90,2010-05-22T18:00:00Z,output/CASE_DWH_RETRO_2010_72H/phase3c_external_case_ensemble_comparison/products/mask_p90_2010-05-22T18-00-00Z.tif,50,
ensemble_probability,ensemble_density_norm,2010-05-22T18:00:00Z,output/CASE_DWH_RETRO_2010_72H/phase3c_external_case_ensemble_comparison/products/ensemble_density_norm_2010-05-22T18-00-00Z.tif,50,
ensemble_probability,prob_presence,2010-05-22T19:00:00Z,output/CASE_DWH_RETRO_2010_72H/phase3c_external_case_ensemble_comparison/products/prob_presence_2010-05-22T19-00-00Z.tif,50,
ensemble_probability,mask_p50,2010-05-22T19:00:00Z,output/CASE_DWH_RETRO_2010_72H/phase3c_external_case_ensemble_comparison/products/mask_p50_2010-05-22T19-00-00Z.tif,50,
ensemble_probability,mask_p90,2010-05-22T19:00:00Z,output/CASE_DWH_RETRO_2010_72H/phase3c_external_case_ensemble_comparison/products/mask_p90_2010-05-22T19-00-00Z.tif,50,
ensemble_probability,ensemble_density_norm,2010-05-22T19:00:00Z,output/CASE_DWH_RETRO_2010_72H/phase3c_external_case_ensemble_comparison/products/ensemble_density_norm_2010-05-22T19-00-00Z.tif,50,
ensemble_probability,prob_presence,2010-05-22T20:00:00Z,output/CASE_DWH_RETRO_2010_72H/phase3c_external_case_ensemble_comparison/products/prob_presence_2010-05-22T20-00-00Z.tif,50,
ensemble_probability,mask_p50,2010-05-22T20:00:00Z,output/CASE_DWH_RETRO_2010_72H/phase3c_external_case_ensemble_comparison/products/mask_p50_2010-05-22T20-00-00Z.tif,50,
ensemble_probability,mask_p90,2010-05-22T20:00:00Z,output/CASE_DWH_RETRO_2010_72H/phase3c_external_case_ensemble_comparison/products/mask_p90_2010-05-22T20-00-00Z.tif,50,
ensemble_probability,ensemble_density_norm,2010-05-22T20:00:00Z,output/CASE_DWH_RETRO_2010_72H/phase3c_external_case_ensemble_comparison/products/ensemble_density_norm_2010-05-22T20-00-00Z.tif,50,
ensemble_probability,prob_presence,2010-05-22T21:00:00Z,output/CASE_DWH_RETRO_2010_72H/phase3c_external_case_ensemble_comparison/products/prob_presence_2010-05-22T21-00-00Z.tif,50,
ensemble_probability,mask_p50,2010-05-22T21:00:00Z,output/CASE_DWH_RETRO_2010_72H/phase3c_external_case_ensemble_comparison/products/mask_p50_2010-05-22T21-00-00Z.tif,50,
ensemble_probability,mask_p90,2010-05-22T21:00:00Z,output/CASE_DWH_RETRO_2010_72H/phase3c_external_case_ensemble_comparison/products/mask_p90_2010-05-22T21-00-00Z.tif,50,
ensemble_probability,ensemble_density_norm,2010-05-22T21:00:00Z,output/CASE_DWH_RETRO_2010_72H/phase3c_external_case_ensemble_comparison/products/ensemble_density_norm_2010-05-22T21-00-00Z.tif,50,
ensemble_probability,prob_presence,2010-05-22T22:00:00Z,output/CASE_DWH_RETRO_2010_72H/phase3c_external_case_ensemble_comparison/products/prob_presence_2010-05-22T22-00-00Z.tif,50,
ensemble_probability,mask_p50,2010-05-22T22:00:00Z,output/CASE_DWH_RETRO_2010_72H/phase3c_external_case_ensemble_comparison/products/mask_p50_2010-05-22T22-00-00Z.tif,50,
ensemble_probability,mask_p90,2010-05-22T22:00:00Z,output/CASE_DWH_RETRO_2010_72H/phase3c_external_case_ensemble_comparison/products/mask_p90_2010-05-22T22-00-00Z.tif,50,
ensemble_probability,ensemble_density_norm,2010-05-22T22:00:00Z,output/CASE_DWH_RETRO_2010_72H/phase3c_external_case_ensemble_comparison/products/ensemble_density_norm_2010-05-22T22-00-00Z.tif,50,
ensemble_probability,prob_presence,2010-05-22T23:00:00Z,output/CASE_DWH_RETRO_2010_72H/phase3c_external_case_ensemble_comparison/products/prob_presence_2010-05-22T23-00-00Z.tif,50,
ensemble_probability,mask_p50,2010-05-22T23:00:00Z,output/CASE_DWH_RETRO_2010_72H/phase3c_external_case_ensemble_comparison/products/mask_p50_2010-05-22T23-00-00Z.tif,50,
ensemble_probability,mask_p90,2010-05-22T23:00:00Z,output/CASE_DWH_RETRO_2010_72H/phase3c_external_case_ensemble_comparison/products/mask_p90_2010-05-22T23-00-00Z.tif,50,
ensemble_probability,ensemble_density_norm,2010-05-22T23:00:00Z,output/CASE_DWH_RETRO_2010_72H/phase3c_external_case_ensemble_comparison/products/ensemble_density_norm_2010-05-22T23-00-00Z.tif,50,
ensemble_probability,prob_presence,2010-05-23T00:00:00Z,output/CASE_DWH_RETRO_2010_72H/phase3c_external_case_ensemble_comparison/products/prob_presence_2010-05-23T00-00-00Z.tif,50,
ensemble_probability,mask_p50,2010-05-23T00:00:00Z,output/CASE_DWH_RETRO_2010_72H/phase3c_external_case_ensemble_comparison/products/mask_p50_2010-05-23T00-00-00Z.tif,50,
ensemble_probability,mask_p90,2010-05-23T00:00:00Z,output/CASE_DWH_RETRO_2010_72H/phase3c_external_case_ensemble_comparison/products/mask_p90_2010-05-23T00-00-00Z.tif,50,
ensemble_probability,ensemble_density_norm,2010-05-23T00:00:00Z,output/CASE_DWH_RETRO_2010_72H/phase3c_external_case_ensemble_comparison/products/ensemble_density_norm_2010-05-23T00-00-00Z.tif,50,
ensemble_probability,prob_presence,2010-05-23T01:00:00Z,output/CASE_DWH_RETRO_2010_72H/phase3c_external_case_ensemble_comparison/products/prob_presence_2010-05-23T01-00-00Z.tif,50,
ensemble_probability,mask_p50,2010-05-23T01:00:00Z,output/CASE_DWH_RETRO_2010_72H/phase3c_external_case_ensemble_comparison/products/mask_p50_2010-05-23T01-00-00Z.tif,50,
ensemble_probability,mask_p90,2010-05-23T01:00:00Z,output/CASE_DWH_RETRO_2010_72H/phase3c_external_case_ensemble_comparison/products/mask_p90_2010-05-23T01-00-00Z.tif,50,
ensemble_probability,ensemble_density_norm,2010-05-23T01:00:00Z,output/CASE_DWH_RETRO_2010_72H/phase3c_external_case_ensemble_comparison/products/ensemble_density_norm_2010-05-23T01-00-00Z.tif,50,
ensemble_probability,prob_presence,2010-05-23T02:00:00Z,output/CASE_DWH_RETRO_2010_72H/phase3c_external_case_ensemble_comparison/products/prob_presence_2010-05-23T02-00-00Z.tif,50,
ensemble_probability,mask_p50,2010-05-23T02:00:00Z,output/CASE_DWH_RETRO_2010_72H/phase3c_external_case_ensemble_comparison/products/mask_p50_2010-05-23T02-00-00Z.tif,50,
ensemble_probability,mask_p90,2010-05-23T02:00:00Z,output/CASE_DWH_RETRO_2010_72H/phase3c_external_case_ensemble_comparison/products/mask_p90_2010-05-23T02-00-00Z.tif,50,
ensemble_probability,ensemble_density_norm,2010-05-23T02:00:00Z,output/CASE_DWH_RETRO_2010_72H/phase3c_external_case_ensemble_comparison/products/ensemble_density_norm_2010-05-23T02-00-00Z.tif,50,
ensemble_probability,prob_presence,2010-05-23T03:00:00Z,output/CASE_DWH_RETRO_2010_72H/phase3c_external_case_ensemble_comparison/products/prob_presence_2010-05-23T03-00-00Z.tif,50,
ensemble_probability,mask_p50,2010-05-23T03:00:00Z,output/CASE_DWH_RETRO_2010_72H/phase3c_external_case_ensemble_comparison/products/mask_p50_2010-05-23T03-00-00Z.tif,50,
ensemble_probability,mask_p90,2010-05-23T03:00:00Z,output/CASE_DWH_RETRO_2010_72H/phase3c_external_case_ensemble_comparison/products/mask_p90_2010-05-23T03-00-00Z.tif,50,
ensemble_probability,ensemble_density_norm,2010-05-23T03:00:00Z,output/CASE_DWH_RETRO_2010_72H/phase3c_external_case_ensemble_comparison/products/ensemble_density_norm_2010-05-23T03-00-00Z.tif,50,
ensemble_probability,prob_presence,2010-05-23T04:00:00Z,output/CASE_DWH_RETRO_2010_72H/phase3c_external_case_ensemble_comparison/products/prob_presence_2010-05-23T04-00-00Z.tif,50,
ensemble_probability,mask_p50,2010-05-23T04:00:00Z,output/CASE_DWH_RETRO_2010_72H/phase3c_external_case_ensemble_comparison/products/mask_p50_2010-05-23T04-00-00Z.tif,50,
ensemble_probability,mask_p90,2010-05-23T04:00:00Z,output/CASE_DWH_RETRO_2010_72H/phase3c_external_case_ensemble_comparison/products/mask_p90_2010-05-23T04-00-00Z.tif,50,
ensemble_probability,ensemble_density_norm,2010-05-23T04:00:00Z,output/CASE_DWH_RETRO_2010_72H/phase3c_external_case_ensemble_comparison/products/ensemble_density_norm_2010-05-23T04-00-00Z.tif,50,
ensemble_probability,prob_presence,2010-05-23T05:00:00Z,output/CASE_DWH_RETRO_2010_72H/phase3c_external_case_ensemble_comparison/products/prob_presence_2010-05-23T05-00-00Z.tif,50,
ensemble_probability,mask_p50,2010-05-23T05:00:00Z,output/CASE_DWH_RETRO_2010_72H/phase3c_external_case_ensemble_comparison/products/mask_p50_2010-05-23T05-00-00Z.tif,50,
ensemble_probability,mask_p90,2010-05-23T05:00:00Z,output/CASE_DWH_RETRO_2010_72H/phase3c_external_case_ensemble_comparison/products/mask_p90_2010-05-23T05-00-00Z.tif,50,
ensemble_probability,ensemble_density_norm,2010-05-23T05:00:00Z,output/CASE_DWH_RETRO_2010_72H/phase3c_external_case_ensemble_comparison/products/ensemble_density_norm_2010-05-23T05-00-00Z.tif,50,
ensemble_probability,prob_presence,2010-05-23T06:00:00Z,output/CASE_DWH_RETRO_2010_72H/phase3c_external_case_ensemble_comparison/products/prob_presence_2010-05-23T06-00-00Z.tif,50,
ensemble_probability,mask_p50,2010-05-23T06:00:00Z,output/CASE_DWH_RETRO_2010_72H/phase3c_external_case_ensemble_comparison/products/mask_p50_2010-05-23T06-00-00Z.tif,50,
ensemble_probability,mask_p90,2010-05-23T06:00:00Z,output/CASE_DWH_RETRO_2010_72H/phase3c_external_case_ensemble_comparison/products/mask_p90_2010-05-23T06-00-00Z.tif,50,
ensemble_probability,ensemble_density_norm,2010-05-23T06:00:00Z,output/CASE_DWH_RETRO_2010_72H/phase3c_external_case_ensemble_comparison/products/ensemble_density_norm_2010-05-23T06-00-00Z.tif,50,
ensemble_probability,prob_presence,2010-05-23T07:00:00Z,output/CASE_DWH_RETRO_2010_72H/phase3c_external_case_ensemble_comparison/products/prob_presence_2010-05-23T07-00-00Z.tif,50,
ensemble_probability,mask_p50,2010-05-23T07:00:00Z,output/CASE_DWH_RETRO_2010_72H/phase3c_external_case_ensemble_comparison/products/mask_p50_2010-05-23T07-00-00Z.tif,50,
ensemble_probability,mask_p90,2010-05-23T07:00:00Z,output/CASE_DWH_RETRO_2010_72H/phase3c_external_case_ensemble_comparison/products/mask_p90_2010-05-23T07-00-00Z.tif,50,
ensemble_probability,ensemble_density_norm,2010-05-23T07:00:00Z,output/CASE_DWH_RETRO_2010_72H/phase3c_external_case_ensemble_comparison/products/ensemble_density_norm_2010-05-23T07-00-00Z.tif,50,
ensemble_probability,prob_presence,2010-05-23T08:00:00Z,output/CASE_DWH_RETRO_2010_72H/phase3c_external_case_ensemble_comparison/products/prob_presence_2010-05-23T08-00-00Z.tif,50,
ensemble_probability,mask_p50,2010-05-23T08:00:00Z,output/CASE_DWH_RETRO_2010_72H/phase3c_external_case_ensemble_comparison/products/mask_p50_2010-05-23T08-00-00Z.tif,50,
ensemble_probability,mask_p90,2010-05-23T08:00:00Z,output/CASE_DWH_RETRO_2010_72H/phase3c_external_case_ensemble_comparison/products/mask_p90_2010-05-23T08-00-00Z.tif,50,
ensemble_probability,ensemble_density_norm,2010-05-23T08:00:00Z,output/CASE_DWH_RETRO_2010_72H/phase3c_external_case_ensemble_comparison/products/ensemble_density_norm_2010-05-23T08-00-00Z.tif,50,
ensemble_probability,prob_presence,2010-05-23T09:00:00Z,output/CASE_DWH_RETRO_2010_72H/phase3c_external_case_ensemble_comparison/products/prob_presence_2010-05-23T09-00-00Z.tif,50,
ensemble_probability,mask_p50,2010-05-23T09:00:00Z,output/CASE_DWH_RETRO_2010_72H/phase3c_external_case_ensemble_comparison/products/mask_p50_2010-05-23T09-00-00Z.tif,50,
ensemble_probability,mask_p90,2010-05-23T09:00:00Z,output/CASE_DWH_RETRO_2010_72H/phase3c_external_case_ensemble_comparison/products/mask_p90_2010-05-23T09-00-00Z.tif,50,
ensemble_probability,ensemble_density_norm,2010-05-23T09:00:00Z,output/CASE_DWH_RETRO_2010_72H/phase3c_external_case_ensemble_comparison/products/ensemble_density_norm_2010-05-23T09-00-00Z.tif,50,
ensemble_probability,prob_presence,2010-05-23T10:00:00Z,output/CASE_DWH_RETRO_2010_72H/phase3c_external_case_ensemble_comparison/products/prob_presence_2010-05-23T10-00-00Z.tif,50,
ensemble_probability,mask_p50,2010-05-23T10:00:00Z,output/CASE_DWH_RETRO_2010_72H/phase3c_external_case_ensemble_comparison/products/mask_p50_2010-05-23T10-00-00Z.tif,50,
ensemble_probability,mask_p90,2010-05-23T10:00:00Z,output/CASE_DWH_RETRO_2010_72H/phase3c_external_case_ensemble_comparison/products/mask_p90_2010-05-23T10-00-00Z.tif,50,
ensemble_probability,ensemble_density_norm,2010-05-23T10:00:00Z,output/CASE_DWH_RETRO_2010_72H/phase3c_external_case_ensemble_comparison/products/ensemble_density_norm_2010-05-23T10-00-00Z.tif,50,
ensemble_probability,prob_presence,2010-05-23T11:00:00Z,output/CASE_DWH_RETRO_2010_72H/phase3c_external_case_ensemble_comparison/products/prob_presence_2010-05-23T11-00-00Z.tif,50,
ensemble_probability,mask_p50,2010-05-23T11:00:00Z,output/CASE_DWH_RETRO_2010_72H/phase3c_external_case_ensemble_comparison/products/mask_p50_2010-05-23T11-00-00Z.tif,50,
ensemble_probability,mask_p90,2010-05-23T11:00:00Z,output/CASE_DWH_RETRO_2010_72H/phase3c_external_case_ensemble_comparison/products/mask_p90_2010-05-23T11-00-00Z.tif,50,
ensemble_probability,ensemble_density_norm,2010-05-23T11:00:00Z,output/CASE_DWH_RETRO_2010_72H/phase3c_external_case_ensemble_comparison/products/ensemble_density_norm_2010-05-23T11-00-00Z.tif,50,
ensemble_probability,prob_presence,2010-05-23T12:00:00Z,output/CASE_DWH_RETRO_2010_72H/phase3c_external_case_ensemble_comparison/products/prob_presence_2010-05-23T12-00-00Z.tif,50,
ensemble_probability,mask_p50,2010-05-23T12:00:00Z,output/CASE_DWH_RETRO_2010_72H/phase3c_external_case_ensemble_comparison/products/mask_p50_2010-05-23T12-00-00Z.tif,50,
ensemble_probability,mask_p90,2010-05-23T12:00:00Z,output/CASE_DWH_RETRO_2010_72H/phase3c_external_case_ensemble_comparison/products/mask_p90_2010-05-23T12-00-00Z.tif,50,
ensemble_probability,ensemble_density_norm,2010-05-23T12:00:00Z,output/CASE_DWH_RETRO_2010_72H/phase3c_external_case_ensemble_comparison/products/ensemble_density_norm_2010-05-23T12-00-00Z.tif,50,
ensemble_probability,prob_presence,2010-05-23T13:00:00Z,output/CASE_DWH_RETRO_2010_72H/phase3c_external_case_ensemble_comparison/products/prob_presence_2010-05-23T13-00-00Z.tif,50,
ensemble_probability,mask_p50,2010-05-23T13:00:00Z,output/CASE_DWH_RETRO_2010_72H/phase3c_external_case_ensemble_comparison/products/mask_p50_2010-05-23T13-00-00Z.tif,50,
ensemble_probability,mask_p90,2010-05-23T13:00:00Z,output/CASE_DWH_RETRO_2010_72H/phase3c_external_case_ensemble_comparison/products/mask_p90_2010-05-23T13-00-00Z.tif,50,
ensemble_probability,ensemble_density_norm,2010-05-23T13:00:00Z,output/CASE_DWH_RETRO_2010_72H/phase3c_external_case_ensemble_comparison/products/ensemble_density_norm_2010-05-23T13-00-00Z.tif,50,
ensemble_probability,prob_presence,2010-05-23T14:00:00Z,output/CASE_DWH_RETRO_2010_72H/phase3c_external_case_ensemble_comparison/products/prob_presence_2010-05-23T14-00-00Z.tif,50,
ensemble_probability,mask_p50,2010-05-23T14:00:00Z,output/CASE_DWH_RETRO_2010_72H/phase3c_external_case_ensemble_comparison/products/mask_p50_2010-05-23T14-00-00Z.tif,50,
ensemble_probability,mask_p90,2010-05-23T14:00:00Z,output/CASE_DWH_RETRO_2010_72H/phase3c_external_case_ensemble_comparison/products/mask_p90_2010-05-23T14-00-00Z.tif,50,
ensemble_probability,ensemble_density_norm,2010-05-23T14:00:00Z,output/CASE_DWH_RETRO_2010_72H/phase3c_external_case_ensemble_comparison/products/ensemble_density_norm_2010-05-23T14-00-00Z.tif,50,
ensemble_probability,prob_presence,2010-05-23T15:00:00Z,output/CASE_DWH_RETRO_2010_72H/phase3c_external_case_ensemble_comparison/products/prob_presence_2010-05-23T15-00-00Z.tif,50,
ensemble_probability,mask_p50,2010-05-23T15:00:00Z,output/CASE_DWH_RETRO_2010_72H/phase3c_external_case_ensemble_comparison/products/mask_p50_2010-05-23T15-00-00Z.tif,50,
ensemble_probability,mask_p90,2010-05-23T15:00:00Z,output/CASE_DWH_RETRO_2010_72H/phase3c_external_case_ensemble_comparison/products/mask_p90_2010-05-23T15-00-00Z.tif,50,
ensemble_probability,ensemble_density_norm,2010-05-23T15:00:00Z,output/CASE_DWH_RETRO_2010_72H/phase3c_external_case_ensemble_comparison/products/ensemble_density_norm_2010-05-23T15-00-00Z.tif,50,
ensemble_probability,prob_presence,2010-05-23T16:00:00Z,output/CASE_DWH_RETRO_2010_72H/phase3c_external_case_ensemble_comparison/products/prob_presence_2010-05-23T16-00-00Z.tif,50,
ensemble_probability,mask_p50,2010-05-23T16:00:00Z,output/CASE_DWH_RETRO_2010_72H/phase3c_external_case_ensemble_comparison/products/mask_p50_2010-05-23T16-00-00Z.tif,50,
ensemble_probability,mask_p90,2010-05-23T16:00:00Z,output/CASE_DWH_RETRO_2010_72H/phase3c_external_case_ensemble_comparison/products/mask_p90_2010-05-23T16-00-00Z.tif,50,
ensemble_probability,ensemble_density_norm,2010-05-23T16:00:00Z,output/CASE_DWH_RETRO_2010_72H/phase3c_external_case_ensemble_comparison/products/ensemble_density_norm_2010-05-23T16-00-00Z.tif,50,
ensemble_probability,prob_presence,2010-05-23T17:00:00Z,output/CASE_DWH_RETRO_2010_72H/phase3c_external_case_ensemble_comparison/products/prob_presence_2010-05-23T17-00-00Z.tif,50,
ensemble_probability,mask_p50,2010-05-23T17:00:00Z,output/CASE_DWH_RETRO_2010_72H/phase3c_external_case_ensemble_comparison/products/mask_p50_2010-05-23T17-00-00Z.tif,50,
ensemble_probability,mask_p90,2010-05-23T17:00:00Z,output/CASE_DWH_RETRO_2010_72H/phase3c_external_case_ensemble_comparison/products/mask_p90_2010-05-23T17-00-00Z.tif,50,
ensemble_probability,ensemble_density_norm,2010-05-23T17:00:00Z,output/CASE_DWH_RETRO_2010_72H/phase3c_external_case_ensemble_comparison/products/ensemble_density_norm_2010-05-23T17-00-00Z.tif,50,
ensemble_probability,prob_presence,2010-05-23T18:00:00Z,output/CASE_DWH_RETRO_2010_72H/phase3c_external_case_ensemble_comparison/products/prob_presence_2010-05-23T18-00-00Z.tif,50,
ensemble_probability,mask_p50,2010-05-23T18:00:00Z,output/CASE_DWH_RETRO_2010_72H/phase3c_external_case_ensemble_comparison/products/mask_p50_2010-05-23T18-00-00Z.tif,50,
ensemble_probability,mask_p90,2010-05-23T18:00:00Z,output/CASE_DWH_RETRO_2010_72H/phase3c_external_case_ensemble_comparison/products/mask_p90_2010-05-23T18-00-00Z.tif,50,
ensemble_probability,ensemble_density_norm,2010-05-23T18:00:00Z,output/CASE_DWH_RETRO_2010_72H/phase3c_external_case_ensemble_comparison/products/ensemble_density_norm_2010-05-23T18-00-00Z.tif,50,
ensemble_probability,prob_presence,2010-05-23T19:00:00Z,output/CASE_DWH_RETRO_2010_72H/phase3c_external_case_ensemble_comparison/products/prob_presence_2010-05-23T19-00-00Z.tif,50,
ensemble_probability,mask_p50,2010-05-23T19:00:00Z,output/CASE_DWH_RETRO_2010_72H/phase3c_external_case_ensemble_comparison/products/mask_p50_2010-05-23T19-00-00Z.tif,50,
ensemble_probability,mask_p90,2010-05-23T19:00:00Z,output/CASE_DWH_RETRO_2010_72H/phase3c_external_case_ensemble_comparison/products/mask_p90_2010-05-23T19-00-00Z.tif,50,
ensemble_probability,ensemble_density_norm,2010-05-23T19:00:00Z,output/CASE_DWH_RETRO_2010_72H/phase3c_external_case_ensemble_comparison/products/ensemble_density_norm_2010-05-23T19-00-00Z.tif,50,
ensemble_probability,prob_presence,2010-05-23T20:00:00Z,output/CASE_DWH_RETRO_2010_72H/phase3c_external_case_ensemble_comparison/products/prob_presence_2010-05-23T20-00-00Z.tif,50,
ensemble_probability,mask_p50,2010-05-23T20:00:00Z,output/CASE_DWH_RETRO_2010_72H/phase3c_external_case_ensemble_comparison/products/mask_p50_2010-05-23T20-00-00Z.tif,50,
ensemble_probability,mask_p90,2010-05-23T20:00:00Z,output/CASE_DWH_RETRO_2010_72H/phase3c_external_case_ensemble_comparison/products/mask_p90_2010-05-23T20-00-00Z.tif,50,
ensemble_probability,ensemble_density_norm,2010-05-23T20:00:00Z,output/CASE_DWH_RETRO_2010_72H/phase3c_external_case_ensemble_comparison/products/ensemble_density_norm_2010-05-23T20-00-00Z.tif,50,
ensemble_probability,prob_presence,2010-05-23T21:00:00Z,output/CASE_DWH_RETRO_2010_72H/phase3c_external_case_ensemble_comparison/products/prob_presence_2010-05-23T21-00-00Z.tif,50,
ensemble_probability,mask_p50,2010-05-23T21:00:00Z,output/CASE_DWH_RETRO_2010_72H/phase3c_external_case_ensemble_comparison/products/mask_p50_2010-05-23T21-00-00Z.tif,50,
ensemble_probability,mask_p90,2010-05-23T21:00:00Z,output/CASE_DWH_RETRO_2010_72H/phase3c_external_case_ensemble_comparison/products/mask_p90_2010-05-23T21-00-00Z.tif,50,
ensemble_probability,ensemble_density_norm,2010-05-23T21:00:00Z,output/CASE_DWH_RETRO_2010_72H/phase3c_external_case_ensemble_comparison/products/ensemble_density_norm_2010-05-23T21-00-00Z.tif,50,
ensemble_probability,prob_presence,2010-05-23T22:00:00Z,output/CASE_DWH_RETRO_2010_72H/phase3c_external_case_ensemble_comparison/products/prob_presence_2010-05-23T22-00-00Z.tif,50,
ensemble_probability,mask_p50,2010-05-23T22:00:00Z,output/CASE_DWH_RETRO_2010_72H/phase3c_external_case_ensemble_comparison/products/mask_p50_2010-05-23T22-00-00Z.tif,50,
ensemble_probability,mask_p90,2010-05-23T22:00:00Z,output/CASE_DWH_RETRO_2010_72H/phase3c_external_case_ensemble_comparison/products/mask_p90_2010-05-23T22-00-00Z.tif,50,
ensemble_probability,ensemble_density_norm,2010-05-23T22:00:00Z,output/CASE_DWH_RETRO_2010_72H/phase3c_external_case_ensemble_comparison/products/ensemble_density_norm_2010-05-23T22-00-00Z.tif,50,
ensemble_probability,prob_presence,2010-05-23T23:00:00Z,output/CASE_DWH_RETRO_2010_72H/phase3c_external_case_ensemble_comparison/products/prob_presence_2010-05-23T23-00-00Z.tif,50,
ensemble_probability,mask_p50,2010-05-23T23:00:00Z,output/CASE_DWH_RETRO_2010_72H/phase3c_external_case_ensemble_comparison/products/mask_p50_2010-05-23T23-00-00Z.tif,50,
ensemble_probability,mask_p90,2010-05-23T23:00:00Z,output/CASE_DWH_RETRO_2010_72H/phase3c_external_case_ensemble_comparison/products/mask_p90_2010-05-23T23-00-00Z.tif,50,
ensemble_probability,ensemble_density_norm,2010-05-23T23:00:00Z,output/CASE_DWH_RETRO_2010_72H/phase3c_external_case_ensemble_comparison/products/ensemble_density_norm_2010-05-23T23-00-00Z.tif,50,
ensemble_probability,prob_presence,2010-05-24T00:00:00Z,output/CASE_DWH_RETRO_2010_72H/phase3c_external_case_ensemble_comparison/products/prob_presence_2010-05-24T00-00-00Z.tif,50,
ensemble_probability,mask_p50,2010-05-24T00:00:00Z,output/CASE_DWH_RETRO_2010_72H/phase3c_external_case_ensemble_comparison/products/mask_p50_2010-05-24T00-00-00Z.tif,50,
ensemble_probability,mask_p90,2010-05-24T00:00:00Z,output/CASE_DWH_RETRO_2010_72H/phase3c_external_case_ensemble_comparison/products/mask_p90_2010-05-24T00-00-00Z.tif,50,
ensemble_probability,ensemble_density_norm,2010-05-24T00:00:00Z,output/CASE_DWH_RETRO_2010_72H/phase3c_external_case_ensemble_comparison/products/ensemble_density_norm_2010-05-24T00-00-00Z.tif,50,
ensemble_probability,prob_presence_datecomposite,,output/CASE_DWH_RETRO_2010_72H/phase3c_external_case_ensemble_comparison/products/prob_presence_2010-05-21_datecomposite.tif,50,2010-05-21
ensemble_probability,mask_p50_datecomposite,,output/CASE_DWH_RETRO_2010_72H/phase3c_external_case_ensemble_comparison/products/mask_p50_2010-05-21_datecomposite.tif,50,2010-05-21
ensemble_probability,mask_p90_datecomposite,,output/CASE_DWH_RETRO_2010_72H/phase3c_external_case_ensemble_comparison/products/mask_p90_2010-05-21_datecomposite.tif,50,2010-05-21
ensemble_probability,ensemble_density_norm_datecomposite,,output/CASE_DWH_RETRO_2010_72H/phase3c_external_case_ensemble_comparison/products/ensemble_density_norm_2010-05-21_datecomposite.tif,50,2010-05-21
ensemble_probability,prob_presence_datecomposite,,output/CASE_DWH_RETRO_2010_72H/phase3c_external_case_ensemble_comparison/products/prob_presence_2010-05-22_datecomposite.tif,50,2010-05-22
ensemble_probability,mask_p50_datecomposite,,output/CASE_DWH_RETRO_2010_72H/phase3c_external_case_ensemble_comparison/products/mask_p50_2010-05-22_datecomposite.tif,50,2010-05-22
ensemble_probability,mask_p90_datecomposite,,output/CASE_DWH_RETRO_2010_72H/phase3c_external_case_ensemble_comparison/products/mask_p90_2010-05-22_datecomposite.tif,50,2010-05-22
ensemble_probability,ensemble_density_norm_datecomposite,,output/CASE_DWH_RETRO_2010_72H/phase3c_external_case_ensemble_comparison/products/ensemble_density_norm_2010-05-22_datecomposite.tif,50,2010-05-22
ensemble_probability,prob_presence_datecomposite,,output/CASE_DWH_RETRO_2010_72H/phase3c_external_case_ensemble_comparison/products/prob_presence_2010-05-23_datecomposite.tif,50,2010-05-23
ensemble_probability,mask_p50_datecomposite,,output/CASE_DWH_RETRO_2010_72H/phase3c_external_case_ensemble_comparison/products/mask_p50_2010-05-23_datecomposite.tif,50,2010-05-23
ensemble_probability,mask_p90_datecomposite,,output/CASE_DWH_RETRO_2010_72H/phase3c_external_case_ensemble_comparison/products/mask_p90_2010-05-23_datecomposite.tif,50,2010-05-23
ensemble_probability,ensemble_density_norm_datecomposite,,output/CASE_DWH_RETRO_2010_72H/phase3c_external_case_ensemble_comparison/products/ensemble_density_norm_2010-05-23_datecomposite.tif,50,2010-05-23
ensemble_probability,prob_presence_eventcorridor,,output/CASE_DWH_RETRO_2010_72H/phase3c_external_case_ensemble_comparison/products/prob_presence_2010-05-21_2010-05-23_eventcorridor.tif,50,2010-05-21/2010-05-23
ensemble_probability,mask_p50_eventcorridor,,output/CASE_DWH_RETRO_2010_72H/phase3c_external_case_ensemble_comparison/products/mask_p50_2010-05-21_2010-05-23_eventcorridor.tif,50,2010-05-21/2010-05-23
ensemble_probability,mask_p90_eventcorridor,,output/CASE_DWH_RETRO_2010_72H/phase3c_external_case_ensemble_comparison/products/mask_p90_2010-05-21_2010-05-23_eventcorridor.tif,50,2010-05-21/2010-05-23
