final_relative_path,source_relative_path,phase_group,artifact_group,scientific_vs_display_only,copied_vs_regenerated,case_id,support_only,comparator_only,notes
output/2016 Legacy Runs FINAL Figures/CASE_2016-09-01/drifter_track_72h.png,data/drifters/CASE_2016-09-01/drifters_noaa.csv,phase5,prototype_2016_flat_case_exports,display_only,regenerated_from_stored_outputs,CASE_2016-09-01,True,False,Backward-compatible flat per-case export retained at the legacy final-output root.
output/2016 Legacy Runs FINAL Figures/CASE_2016-09-01/drifter_vs_ensemble_72h.png,data/drifters/CASE_2016-09-01/drifters_noaa.csv | output/CASE_2016-09-01/ensemble/mask_p50_72h.tif | output/CASE_2016-09-01/ensemble/mask_p90_72h.tif,phase5,prototype_2016_flat_case_exports,display_only,regenerated_from_stored_outputs,CASE_2016-09-01,True,False,Backward-compatible flat per-case export retained at the legacy final-output root.
output/2016 Legacy Runs FINAL Figures/CASE_2016-09-01/ensemble_probability_24h.png,output/CASE_2016-09-01/ensemble/probability_24h.tif | output/CASE_2016-09-01/ensemble/mask_p50_24h.tif | output/CASE_2016-09-01/ensemble/mask_p90_24h.tif,phase5,prototype_2016_flat_case_exports,display_only,regenerated_from_stored_outputs,CASE_2016-09-01,True,False,Backward-compatible flat per-case export retained at the legacy final-output root.
output/2016 Legacy Runs FINAL Figures/CASE_2016-09-01/ensemble_probability_48h.png,output/CASE_2016-09-01/ensemble/probability_48h.tif | output/CASE_2016-09-01/ensemble/mask_p50_48h.tif | output/CASE_2016-09-01/ensemble/mask_p90_48h.tif,phase5,prototype_2016_flat_case_exports,display_only,regenerated_from_stored_outputs,CASE_2016-09-01,True,False,Backward-compatible flat per-case export retained at the legacy final-output root.
output/2016 Legacy Runs FINAL Figures/CASE_2016-09-01/ensemble_probability_72h.png,output/CASE_2016-09-01/ensemble/probability_72h.tif | output/CASE_2016-09-01/ensemble/mask_p50_72h.tif | output/CASE_2016-09-01/ensemble/mask_p90_72h.tif,phase5,prototype_2016_flat_case_exports,display_only,regenerated_from_stored_outputs,CASE_2016-09-01,True,False,Backward-compatible flat per-case export retained at the legacy final-output root.
output/2016 Legacy Runs FINAL Figures/CASE_2016-09-01/ensemble_consolidated_72h.png,output/CASE_2016-09-01/ensemble/probability_72h.tif | output/CASE_2016-09-01/ensemble/mask_p50_72h.tif | output/CASE_2016-09-01/ensemble/mask_p90_72h.tif,phase5,prototype_2016_flat_case_exports,display_only,regenerated_from_stored_outputs,CASE_2016-09-01,True,False,Backward-compatible flat per-case export retained at the legacy final-output root.
output/2016 Legacy Runs FINAL Figures/CASE_2016-09-01/pygnome_24h.png,output/CASE_2016-09-01/benchmark/pygnome/pygnome_footprint_mask_2016-09-02T00-00-00Z.tif | output/CASE_2016-09-01/benchmark/pygnome/pygnome_density_norm_2016-09-02T00-00-00Z.tif,phase5,prototype_2016_flat_case_exports,display_only,regenerated_from_stored_outputs,CASE_2016-09-01,True,True,Backward-compatible flat per-case export retained at the legacy final-output root.
output/2016 Legacy Runs FINAL Figures/CASE_2016-09-01/pygnome_48h.png,output/CASE_2016-09-01/benchmark/pygnome/pygnome_footprint_mask_2016-09-03T00-00-00Z.tif | output/CASE_2016-09-01/benchmark/pygnome/pygnome_density_norm_2016-09-03T00-00-00Z.tif,phase5,prototype_2016_flat_case_exports,display_only,regenerated_from_stored_outputs,CASE_2016-09-01,True,True,Backward-compatible flat per-case export retained at the legacy final-output root.
output/2016 Legacy Runs FINAL Figures/CASE_2016-09-01/pygnome_72h.png,output/CASE_2016-09-01/benchmark/pygnome/pygnome_footprint_mask_2016-09-04T00-00-00Z.tif | output/CASE_2016-09-01/benchmark/pygnome/pygnome_density_norm_2016-09-04T00-00-00Z.tif,phase5,prototype_2016_flat_case_exports,display_only,regenerated_from_stored_outputs,CASE_2016-09-01,True,True,Backward-compatible flat per-case export retained at the legacy final-output root.
output/2016 Legacy Runs FINAL Figures/CASE_2016-09-01/pygnome_vs_ensemble_24h.png,output/CASE_2016-09-01/benchmark/pygnome/pygnome_footprint_mask_2016-09-02T00-00-00Z.tif | output/CASE_2016-09-01/benchmark/pygnome/pygnome_density_norm_2016-09-02T00-00-00Z.tif | output/CASE_2016-09-01/benchmark/ensemble_p50/ensemble_p50_footprint_mask_2016-09-02T00-00-00Z.tif | output/CASE_2016-09-01/benchmark/ensemble_p90/ensemble_p90_footprint_mask_2016-09-02T00-00-00Z.tif,phase5,prototype_2016_flat_case_exports,display_only,regenerated_from_stored_outputs,CASE_2016-09-01,True,True,Backward-compatible flat per-case export retained at the legacy final-output root.
output/2016 Legacy Runs FINAL Figures/CASE_2016-09-01/pygnome_vs_ensemble_48h.png,output/CASE_2016-09-01/benchmark/pygnome/pygnome_footprint_mask_2016-09-03T00-00-00Z.tif | output/CASE_2016-09-01/benchmark/pygnome/pygnome_density_norm_2016-09-03T00-00-00Z.tif | output/CASE_2016-09-01/benchmark/ensemble_p50/ensemble_p50_footprint_mask_2016-09-03T00-00-00Z.tif | output/CASE_2016-09-01/benchmark/ensemble_p90/ensemble_p90_footprint_mask_2016-09-03T00-00-00Z.tif,phase5,prototype_2016_flat_case_exports,display_only,regenerated_from_stored_outputs,CASE_2016-09-01,True,True,Backward-compatible flat per-case export retained at the legacy final-output root.
output/2016 Legacy Runs FINAL Figures/CASE_2016-09-01/pygnome_vs_ensemble_72h.png,output/CASE_2016-09-01/benchmark/pygnome/pygnome_footprint_mask_2016-09-04T00-00-00Z.tif | output/CASE_2016-09-01/benchmark/pygnome/pygnome_density_norm_2016-09-04T00-00-00Z.tif | output/CASE_2016-09-01/benchmark/ensemble_p50/ensemble_p50_footprint_mask_2016-09-04T00-00-00Z.tif | output/CASE_2016-09-01/benchmark/ensemble_p90/ensemble_p90_footprint_mask_2016-09-04T00-00-00Z.tif,phase5,prototype_2016_flat_case_exports,display_only,regenerated_from_stored_outputs,CASE_2016-09-01,True,True,Backward-compatible flat per-case export retained at the legacy final-output root.
output/2016 Legacy Runs FINAL Figures/CASE_2016-09-01/pygnome_consolidated_72h.png,output/CASE_2016-09-01/benchmark/pygnome/pygnome_footprint_mask_2016-09-02T00-00-00Z.tif | output/CASE_2016-09-01/benchmark/pygnome/pygnome_footprint_mask_2016-09-03T00-00-00Z.tif | output/CASE_2016-09-01/benchmark/pygnome/pygnome_footprint_mask_2016-09-04T00-00-00Z.tif | output/CASE_2016-09-01/benchmark/pygnome/pygnome_density_norm_2016-09-02T00-00-00Z.tif | output/CASE_2016-09-01/benchmark/pygnome/pygnome_density_norm_2016-09-03T00-00-00Z.tif | output/CASE_2016-09-01/benchmark/pygnome/pygnome_density_norm_2016-09-04T00-00-00Z.tif,phase5,prototype_2016_flat_case_exports,display_only,regenerated_from_stored_outputs,CASE_2016-09-01,True,True,Backward-compatible flat per-case export retained at the legacy final-output root.
output/2016 Legacy Runs FINAL Figures/CASE_2016-09-01/pygnome_vs_ensemble_consolidated_72h.png,output/CASE_2016-09-01/benchmark/pygnome/pygnome_footprint_mask_2016-09-02T00-00-00Z.tif | output/CASE_2016-09-01/benchmark/pygnome/pygnome_footprint_mask_2016-09-03T00-00-00Z.tif | output/CASE_2016-09-01/benchmark/pygnome/pygnome_footprint_mask_2016-09-04T00-00-00Z.tif | output/CASE_2016-09-01/benchmark/pygnome/pygnome_density_norm_2016-09-02T00-00-00Z.tif | output/CASE_2016-09-01/benchmark/pygnome/pygnome_density_norm_2016-09-03T00-00-00Z.tif | output/CASE_2016-09-01/benchmark/pygnome/pygnome_density_norm_2016-09-04T00-00-00Z.tif | output/CASE_2016-09-01/benchmark/ensemble_p50/ensemble_p50_footprint_mask_2016-09-02T00-00-00Z.tif | output/CASE_2016-09-01/benchmark/ensemble_p50/ensemble_p50_footprint_mask_2016-09-03T00-00-00Z.tif | output/CASE_2016-09-01/benchmark/ensemble_p50/ensemble_p50_footprint_mask_2016-09-04T00-00-00Z.tif | output/CASE_2016-09-01/benchmark/ensemble_p90/ensemble_p90_footprint_mask_2016-09-02T00-00-00Z.tif | output/CASE_2016-09-01/benchmark/ensemble_p90/ensemble_p90_footprint_mask_2016-09-03T00-00-00Z.tif | output/CASE_2016-09-01/benchmark/ensemble_p90/ensemble_p90_footprint_mask_2016-09-04T00-00-00Z.tif,phase5,prototype_2016_flat_case_exports,display_only,regenerated_from_stored_outputs,CASE_2016-09-01,True,True,Backward-compatible flat per-case export retained at the legacy final-output root.
output/2016 Legacy Runs FINAL Figures/CASE_2016-09-06/drifter_track_72h.png,data/drifters/CASE_2016-09-06/drifters_noaa.csv,phase5,prototype_2016_flat_case_exports,display_only,regenerated_from_stored_outputs,CASE_2016-09-06,True,False,Backward-compatible flat per-case export retained at the legacy final-output root.
output/2016 Legacy Runs FINAL Figures/CASE_2016-09-06/drifter_vs_ensemble_72h.png,data/drifters/CASE_2016-09-06/drifters_noaa.csv | output/CASE_2016-09-06/ensemble/mask_p50_72h.tif | output/CASE_2016-09-06/ensemble/mask_p90_72h.tif,phase5,prototype_2016_flat_case_exports,display_only,regenerated_from_stored_outputs,CASE_2016-09-06,True,False,Backward-compatible flat per-case export retained at the legacy final-output root.
output/2016 Legacy Runs FINAL Figures/CASE_2016-09-06/ensemble_probability_24h.png,output/CASE_2016-09-06/ensemble/probability_24h.tif | output/CASE_2016-09-06/ensemble/mask_p50_24h.tif | output/CASE_2016-09-06/ensemble/mask_p90_24h.tif,phase5,prototype_2016_flat_case_exports,display_only,regenerated_from_stored_outputs,CASE_2016-09-06,True,False,Backward-compatible flat per-case export retained at the legacy final-output root.
output/2016 Legacy Runs FINAL Figures/CASE_2016-09-06/ensemble_probability_48h.png,output/CASE_2016-09-06/ensemble/probability_48h.tif | output/CASE_2016-09-06/ensemble/mask_p50_48h.tif | output/CASE_2016-09-06/ensemble/mask_p90_48h.tif,phase5,prototype_2016_flat_case_exports,display_only,regenerated_from_stored_outputs,CASE_2016-09-06,True,False,Backward-compatible flat per-case export retained at the legacy final-output root.
output/2016 Legacy Runs FINAL Figures/CASE_2016-09-06/ensemble_probability_72h.png,output/CASE_2016-09-06/ensemble/probability_72h.tif | output/CASE_2016-09-06/ensemble/mask_p50_72h.tif | output/CASE_2016-09-06/ensemble/mask_p90_72h.tif,phase5,prototype_2016_flat_case_exports,display_only,regenerated_from_stored_outputs,CASE_2016-09-06,True,False,Backward-compatible flat per-case export retained at the legacy final-output root.
output/2016 Legacy Runs FINAL Figures/CASE_2016-09-06/ensemble_consolidated_72h.png,output/CASE_2016-09-06/ensemble/probability_72h.tif | output/CASE_2016-09-06/ensemble/mask_p50_72h.tif | output/CASE_2016-09-06/ensemble/mask_p90_72h.tif,phase5,prototype_2016_flat_case_exports,display_only,regenerated_from_stored_outputs,CASE_2016-09-06,True,False,Backward-compatible flat per-case export retained at the legacy final-output root.
output/2016 Legacy Runs FINAL Figures/CASE_2016-09-06/pygnome_24h.png,output/CASE_2016-09-06/benchmark/pygnome/pygnome_footprint_mask_2016-09-07T00-00-00Z.tif | output/CASE_2016-09-06/benchmark/pygnome/pygnome_density_norm_2016-09-07T00-00-00Z.tif,phase5,prototype_2016_flat_case_exports,display_only,regenerated_from_stored_outputs,CASE_2016-09-06,True,True,Backward-compatible flat per-case export retained at the legacy final-output root.
output/2016 Legacy Runs FINAL Figures/CASE_2016-09-06/pygnome_48h.png,output/CASE_2016-09-06/benchmark/pygnome/pygnome_footprint_mask_2016-09-08T00-00-00Z.tif | output/CASE_2016-09-06/benchmark/pygnome/pygnome_density_norm_2016-09-08T00-00-00Z.tif,phase5,prototype_2016_flat_case_exports,display_only,regenerated_from_stored_outputs,CASE_2016-09-06,True,True,Backward-compatible flat per-case export retained at the legacy final-output root.
output/2016 Legacy Runs FINAL Figures/CASE_2016-09-06/pygnome_72h.png,output/CASE_2016-09-06/benchmark/pygnome/pygnome_footprint_mask_2016-09-09T00-00-00Z.tif | output/CASE_2016-09-06/benchmark/pygnome/pygnome_density_norm_2016-09-09T00-00-00Z.tif,phase5,prototype_2016_flat_case_exports,display_only,regenerated_from_stored_outputs,CASE_2016-09-06,True,True,Backward-compatible flat per-case export retained at the legacy final-output root.
output/2016 Legacy Runs FINAL Figures/CASE_2016-09-06/pygnome_vs_ensemble_24h.png,output/CASE_2016-09-06/benchmark/pygnome/pygnome_footprint_mask_2016-09-07T00-00-00Z.tif | output/CASE_2016-09-06/benchmark/pygnome/pygnome_density_norm_2016-09-07T00-00-00Z.tif | output/CASE_2016-09-06/benchmark/ensemble_p50/ensemble_p50_footprint_mask_2016-09-07T00-00-00Z.tif | output/CASE_2016-09-06/benchmark/ensemble_p90/ensemble_p90_footprint_mask_2016-09-07T00-00-00Z.tif,phase5,prototype_2016_flat_case_exports,display_only,regenerated_from_stored_outputs,CASE_2016-09-06,True,True,Backward-compatible flat per-case export retained at the legacy final-output root.
output/2016 Legacy Runs FINAL Figures/CASE_2016-09-06/pygnome_vs_ensemble_48h.png,output/CASE_2016-09-06/benchmark/pygnome/pygnome_footprint_mask_2016-09-08T00-00-00Z.tif | output/CASE_2016-09-06/benchmark/pygnome/pygnome_density_norm_2016-09-08T00-00-00Z.tif | output/CASE_2016-09-06/benchmark/ensemble_p50/ensemble_p50_footprint_mask_2016-09-08T00-00-00Z.tif | output/CASE_2016-09-06/benchmark/ensemble_p90/ensemble_p90_footprint_mask_2016-09-08T00-00-00Z.tif,phase5,prototype_2016_flat_case_exports,display_only,regenerated_from_stored_outputs,CASE_2016-09-06,True,True,Backward-compatible flat per-case export retained at the legacy final-output root.
output/2016 Legacy Runs FINAL Figures/CASE_2016-09-06/pygnome_vs_ensemble_72h.png,output/CASE_2016-09-06/benchmark/pygnome/pygnome_footprint_mask_2016-09-09T00-00-00Z.tif | output/CASE_2016-09-06/benchmark/pygnome/pygnome_density_norm_2016-09-09T00-00-00Z.tif | output/CASE_2016-09-06/benchmark/ensemble_p50/ensemble_p50_footprint_mask_2016-09-09T00-00-00Z.tif | output/CASE_2016-09-06/benchmark/ensemble_p90/ensemble_p90_footprint_mask_2016-09-09T00-00-00Z.tif,phase5,prototype_2016_flat_case_exports,display_only,regenerated_from_stored_outputs,CASE_2016-09-06,True,True,Backward-compatible flat per-case export retained at the legacy final-output root.
output/2016 Legacy Runs FINAL Figures/CASE_2016-09-06/pygnome_consolidated_72h.png,output/CASE_2016-09-06/benchmark/pygnome/pygnome_footprint_mask_2016-09-07T00-00-00Z.tif | output/CASE_2016-09-06/benchmark/pygnome/pygnome_footprint_mask_2016-09-08T00-00-00Z.tif | output/CASE_2016-09-06/benchmark/pygnome/pygnome_footprint_mask_2016-09-09T00-00-00Z.tif | output/CASE_2016-09-06/benchmark/pygnome/pygnome_density_norm_2016-09-07T00-00-00Z.tif | output/CASE_2016-09-06/benchmark/pygnome/pygnome_density_norm_2016-09-08T00-00-00Z.tif | output/CASE_2016-09-06/benchmark/pygnome/pygnome_density_norm_2016-09-09T00-00-00Z.tif,phase5,prototype_2016_flat_case_exports,display_only,regenerated_from_stored_outputs,CASE_2016-09-06,True,True,Backward-compatible flat per-case export retained at the legacy final-output root.
output/2016 Legacy Runs FINAL Figures/CASE_2016-09-06/pygnome_vs_ensemble_consolidated_72h.png,output/CASE_2016-09-06/benchmark/pygnome/pygnome_footprint_mask_2016-09-07T00-00-00Z.tif | output/CASE_2016-09-06/benchmark/pygnome/pygnome_footprint_mask_2016-09-08T00-00-00Z.tif | output/CASE_2016-09-06/benchmark/pygnome/pygnome_footprint_mask_2016-09-09T00-00-00Z.tif | output/CASE_2016-09-06/benchmark/pygnome/pygnome_density_norm_2016-09-07T00-00-00Z.tif | output/CASE_2016-09-06/benchmark/pygnome/pygnome_density_norm_2016-09-08T00-00-00Z.tif | output/CASE_2016-09-06/benchmark/pygnome/pygnome_density_norm_2016-09-09T00-00-00Z.tif | output/CASE_2016-09-06/benchmark/ensemble_p50/ensemble_p50_footprint_mask_2016-09-07T00-00-00Z.tif | output/CASE_2016-09-06/benchmark/ensemble_p50/ensemble_p50_footprint_mask_2016-09-08T00-00-00Z.tif | output/CASE_2016-09-06/benchmark/ensemble_p50/ensemble_p50_footprint_mask_2016-09-09T00-00-00Z.tif | output/CASE_2016-09-06/benchmark/ensemble_p90/ensemble_p90_footprint_mask_2016-09-07T00-00-00Z.tif | output/CASE_2016-09-06/benchmark/ensemble_p90/ensemble_p90_footprint_mask_2016-09-08T00-00-00Z.tif | output/CASE_2016-09-06/benchmark/ensemble_p90/ensemble_p90_footprint_mask_2016-09-09T00-00-00Z.tif,phase5,prototype_2016_flat_case_exports,display_only,regenerated_from_stored_outputs,CASE_2016-09-06,True,True,Backward-compatible flat per-case export retained at the legacy final-output root.
output/2016 Legacy Runs FINAL Figures/CASE_2016-09-17/drifter_track_72h.png,data/drifters/CASE_2016-09-17/drifters_noaa.csv,phase5,prototype_2016_flat_case_exports,display_only,regenerated_from_stored_outputs,CASE_2016-09-17,True,False,Backward-compatible flat per-case export retained at the legacy final-output root.
output/2016 Legacy Runs FINAL Figures/CASE_2016-09-17/drifter_vs_ensemble_72h.png,data/drifters/CASE_2016-09-17/drifters_noaa.csv | output/CASE_2016-09-17/ensemble/mask_p50_72h.tif | output/CASE_2016-09-17/ensemble/mask_p90_72h.tif,phase5,prototype_2016_flat_case_exports,display_only,regenerated_from_stored_outputs,CASE_2016-09-17,True,False,Backward-compatible flat per-case export retained at the legacy final-output root.
output/2016 Legacy Runs FINAL Figures/CASE_2016-09-17/ensemble_probability_24h.png,output/CASE_2016-09-17/ensemble/probability_24h.tif | output/CASE_2016-09-17/ensemble/mask_p50_24h.tif | output/CASE_2016-09-17/ensemble/mask_p90_24h.tif,phase5,prototype_2016_flat_case_exports,display_only,regenerated_from_stored_outputs,CASE_2016-09-17,True,False,Backward-compatible flat per-case export retained at the legacy final-output root.
output/2016 Legacy Runs FINAL Figures/CASE_2016-09-17/ensemble_probability_48h.png,output/CASE_2016-09-17/ensemble/probability_48h.tif | output/CASE_2016-09-17/ensemble/mask_p50_48h.tif | output/CASE_2016-09-17/ensemble/mask_p90_48h.tif,phase5,prototype_2016_flat_case_exports,display_only,regenerated_from_stored_outputs,CASE_2016-09-17,True,False,Backward-compatible flat per-case export retained at the legacy final-output root.
output/2016 Legacy Runs FINAL Figures/CASE_2016-09-17/ensemble_probability_72h.png,output/CASE_2016-09-17/ensemble/probability_72h.tif | output/CASE_2016-09-17/ensemble/mask_p50_72h.tif | output/CASE_2016-09-17/ensemble/mask_p90_72h.tif,phase5,prototype_2016_flat_case_exports,display_only,regenerated_from_stored_outputs,CASE_2016-09-17,True,False,Backward-compatible flat per-case export retained at the legacy final-output root.
output/2016 Legacy Runs FINAL Figures/CASE_2016-09-17/ensemble_consolidated_72h.png,output/CASE_2016-09-17/ensemble/probability_72h.tif | output/CASE_2016-09-17/ensemble/mask_p50_72h.tif | output/CASE_2016-09-17/ensemble/mask_p90_72h.tif,phase5,prototype_2016_flat_case_exports,display_only,regenerated_from_stored_outputs,CASE_2016-09-17,True,False,Backward-compatible flat per-case export retained at the legacy final-output root.
output/2016 Legacy Runs FINAL Figures/CASE_2016-09-17/pygnome_24h.png,output/CASE_2016-09-17/benchmark/pygnome/pygnome_footprint_mask_2016-09-18T00-00-00Z.tif | output/CASE_2016-09-17/benchmark/pygnome/pygnome_density_norm_2016-09-18T00-00-00Z.tif,phase5,prototype_2016_flat_case_exports,display_only,regenerated_from_stored_outputs,CASE_2016-09-17,True,True,Backward-compatible flat per-case export retained at the legacy final-output root.
output/2016 Legacy Runs FINAL Figures/CASE_2016-09-17/pygnome_48h.png,output/CASE_2016-09-17/benchmark/pygnome/pygnome_footprint_mask_2016-09-19T00-00-00Z.tif | output/CASE_2016-09-17/benchmark/pygnome/pygnome_density_norm_2016-09-19T00-00-00Z.tif,phase5,prototype_2016_flat_case_exports,display_only,regenerated_from_stored_outputs,CASE_2016-09-17,True,True,Backward-compatible flat per-case export retained at the legacy final-output root.
output/2016 Legacy Runs FINAL Figures/CASE_2016-09-17/pygnome_72h.png,output/CASE_2016-09-17/benchmark/pygnome/pygnome_footprint_mask_2016-09-20T00-00-00Z.tif | output/CASE_2016-09-17/benchmark/pygnome/pygnome_density_norm_2016-09-20T00-00-00Z.tif,phase5,prototype_2016_flat_case_exports,display_only,regenerated_from_stored_outputs,CASE_2016-09-17,True,True,Backward-compatible flat per-case export retained at the legacy final-output root.
output/2016 Legacy Runs FINAL Figures/CASE_2016-09-17/pygnome_vs_ensemble_24h.png,output/CASE_2016-09-17/benchmark/pygnome/pygnome_footprint_mask_2016-09-18T00-00-00Z.tif | output/CASE_2016-09-17/benchmark/pygnome/pygnome_density_norm_2016-09-18T00-00-00Z.tif | output/CASE_2016-09-17/benchmark/ensemble_p50/ensemble_p50_footprint_mask_2016-09-18T00-00-00Z.tif | output/CASE_2016-09-17/benchmark/ensemble_p90/ensemble_p90_footprint_mask_2016-09-18T00-00-00Z.tif,phase5,prototype_2016_flat_case_exports,display_only,regenerated_from_stored_outputs,CASE_2016-09-17,True,True,Backward-compatible flat per-case export retained at the legacy final-output root.
output/2016 Legacy Runs FINAL Figures/CASE_2016-09-17/pygnome_vs_ensemble_48h.png,output/CASE_2016-09-17/benchmark/pygnome/pygnome_footprint_mask_2016-09-19T00-00-00Z.tif | output/CASE_2016-09-17/benchmark/pygnome/pygnome_density_norm_2016-09-19T00-00-00Z.tif | output/CASE_2016-09-17/benchmark/ensemble_p50/ensemble_p50_footprint_mask_2016-09-19T00-00-00Z.tif | output/CASE_2016-09-17/benchmark/ensemble_p90/ensemble_p90_footprint_mask_2016-09-19T00-00-00Z.tif,phase5,prototype_2016_flat_case_exports,display_only,regenerated_from_stored_outputs,CASE_2016-09-17,True,True,Backward-compatible flat per-case export retained at the legacy final-output root.
output/2016 Legacy Runs FINAL Figures/CASE_2016-09-17/pygnome_vs_ensemble_72h.png,output/CASE_2016-09-17/benchmark/pygnome/pygnome_footprint_mask_2016-09-20T00-00-00Z.tif | output/CASE_2016-09-17/benchmark/pygnome/pygnome_density_norm_2016-09-20T00-00-00Z.tif | output/CASE_2016-09-17/benchmark/ensemble_p50/ensemble_p50_footprint_mask_2016-09-20T00-00-00Z.tif | output/CASE_2016-09-17/benchmark/ensemble_p90/ensemble_p90_footprint_mask_2016-09-20T00-00-00Z.tif,phase5,prototype_2016_flat_case_exports,display_only,regenerated_from_stored_outputs,CASE_2016-09-17,True,True,Backward-compatible flat per-case export retained at the legacy final-output root.
output/2016 Legacy Runs FINAL Figures/CASE_2016-09-17/pygnome_consolidated_72h.png,output/CASE_2016-09-17/benchmark/pygnome/pygnome_footprint_mask_2016-09-18T00-00-00Z.tif | output/CASE_2016-09-17/benchmark/pygnome/pygnome_footprint_mask_2016-09-19T00-00-00Z.tif | output/CASE_2016-09-17/benchmark/pygnome/pygnome_footprint_mask_2016-09-20T00-00-00Z.tif | output/CASE_2016-09-17/benchmark/pygnome/pygnome_density_norm_2016-09-18T00-00-00Z.tif | output/CASE_2016-09-17/benchmark/pygnome/pygnome_density_norm_2016-09-19T00-00-00Z.tif | output/CASE_2016-09-17/benchmark/pygnome/pygnome_density_norm_2016-09-20T00-00-00Z.tif,phase5,prototype_2016_flat_case_exports,display_only,regenerated_from_stored_outputs,CASE_2016-09-17,True,True,Backward-compatible flat per-case export retained at the legacy final-output root.
output/2016 Legacy Runs FINAL Figures/CASE_2016-09-17/pygnome_vs_ensemble_consolidated_72h.png,output/CASE_2016-09-17/benchmark/pygnome/pygnome_footprint_mask_2016-09-18T00-00-00Z.tif | output/CASE_2016-09-17/benchmark/pygnome/pygnome_footprint_mask_2016-09-19T00-00-00Z.tif | output/CASE_2016-09-17/benchmark/pygnome/pygnome_footprint_mask_2016-09-20T00-00-00Z.tif | output/CASE_2016-09-17/benchmark/pygnome/pygnome_density_norm_2016-09-18T00-00-00Z.tif | output/CASE_2016-09-17/benchmark/pygnome/pygnome_density_norm_2016-09-19T00-00-00Z.tif | output/CASE_2016-09-17/benchmark/pygnome/pygnome_density_norm_2016-09-20T00-00-00Z.tif | output/CASE_2016-09-17/benchmark/ensemble_p50/ensemble_p50_footprint_mask_2016-09-18T00-00-00Z.tif | output/CASE_2016-09-17/benchmark/ensemble_p50/ensemble_p50_footprint_mask_2016-09-19T00-00-00Z.tif | output/CASE_2016-09-17/benchmark/ensemble_p50/ensemble_p50_footprint_mask_2016-09-20T00-00-00Z.tif | output/CASE_2016-09-17/benchmark/ensemble_p90/ensemble_p90_footprint_mask_2016-09-18T00-00-00Z.tif | output/CASE_2016-09-17/benchmark/ensemble_p90/ensemble_p90_footprint_mask_2016-09-19T00-00-00Z.tif | output/CASE_2016-09-17/benchmark/ensemble_p90/ensemble_p90_footprint_mask_2016-09-20T00-00-00Z.tif,phase5,prototype_2016_flat_case_exports,display_only,regenerated_from_stored_outputs,CASE_2016-09-17,True,True,Backward-compatible flat per-case export retained at the legacy final-output root.
output/2016 Legacy Runs FINAL Figures/final_figure_manifest.json,,phase5,prototype_2016_flat_case_exports,metadata,regenerated_from_existing_metadata,,True,False,Compatibility manifest for the flat per-case legacy export set.
output/2016 Legacy Runs FINAL Figures/missing_figures.csv,,phase5,prototype_2016_flat_case_exports,metadata,regenerated_from_existing_metadata,,True,False,Compatibility missing-figure report for the flat per-case legacy export set.
output/2016 Legacy Runs FINAL Figures/publication/phase3a/CASE_2016-09-01/case_2016_09_01__prototype_pygnome_similarity_summary__opendrift__single_forecast__2016_09_02__single__paper__case_2016_09_01_prototype_2016_24h_opendrift_single.png,output/figure_package_publication/case_2016_09_01__prototype_pygnome_similarity_summary__opendrift__single_forecast__2016_09_02__single__paper__case_2016_09_01_prototype_2016_24h_opendrift_single.png,phase3a,publication_phase3a,display_only,copied_from_existing_output,CASE_2016-09-01,True,True,Legacy Phase 3A publication-facing OpenDrift/PyGNOME comparator figure copied from stored outputs.
output/2016 Legacy Runs FINAL Figures/publication/phase3a/CASE_2016-09-01/case_2016_09_01__prototype_pygnome_similarity_summary__opendrift__single_forecast__2016_09_03__single__paper__case_2016_09_01_prototype_2016_48h_opendrift_single.png,output/figure_package_publication/case_2016_09_01__prototype_pygnome_similarity_summary__opendrift__single_forecast__2016_09_03__single__paper__case_2016_09_01_prototype_2016_48h_opendrift_single.png,phase3a,publication_phase3a,display_only,copied_from_existing_output,CASE_2016-09-01,True,True,Legacy Phase 3A publication-facing OpenDrift/PyGNOME comparator figure copied from stored outputs.
output/2016 Legacy Runs FINAL Figures/publication/phase3a/CASE_2016-09-01/case_2016_09_01__prototype_pygnome_similarity_summary__opendrift__single_forecast__2016_09_04__single__paper__case_2016_09_01_prototype_2016_72h_opendrift_single.png,output/figure_package_publication/case_2016_09_01__prototype_pygnome_similarity_summary__opendrift__single_forecast__2016_09_04__single__paper__case_2016_09_01_prototype_2016_72h_opendrift_single.png,phase3a,publication_phase3a,display_only,copied_from_existing_output,CASE_2016-09-01,True,True,Legacy Phase 3A publication-facing OpenDrift/PyGNOME comparator figure copied from stored outputs.
output/2016 Legacy Runs FINAL Figures/publication/phase3a/CASE_2016-09-01/case_2016_09_01__prototype_pygnome_similarity_summary__opendrift_p50__single_forecast__2016_09_02__single__paper__case_2016_09_01_prototype_2016_24h_opendrift_p50_single.png,output/figure_package_publication/case_2016_09_01__prototype_pygnome_similarity_summary__opendrift_p50__single_forecast__2016_09_02__single__paper__case_2016_09_01_prototype_2016_24h_opendrift_p50_single.png,phase3a,publication_phase3a,display_only,copied_from_existing_output,CASE_2016-09-01,True,True,Legacy Phase 3A publication-facing OpenDrift/PyGNOME comparator figure copied from stored outputs.
output/2016 Legacy Runs FINAL Figures/publication/phase3a/CASE_2016-09-01/case_2016_09_01__prototype_pygnome_similarity_summary__opendrift_p50__single_forecast__2016_09_03__single__paper__case_2016_09_01_prototype_2016_48h_opendrift_p50_single.png,output/figure_package_publication/case_2016_09_01__prototype_pygnome_similarity_summary__opendrift_p50__single_forecast__2016_09_03__single__paper__case_2016_09_01_prototype_2016_48h_opendrift_p50_single.png,phase3a,publication_phase3a,display_only,copied_from_existing_output,CASE_2016-09-01,True,True,Legacy Phase 3A publication-facing OpenDrift/PyGNOME comparator figure copied from stored outputs.
output/2016 Legacy Runs FINAL Figures/publication/phase3a/CASE_2016-09-01/case_2016_09_01__prototype_pygnome_similarity_summary__opendrift_p50__single_forecast__2016_09_04__single__paper__case_2016_09_01_prototype_2016_72h_opendrift_p50_single.png,output/figure_package_publication/case_2016_09_01__prototype_pygnome_similarity_summary__opendrift_p50__single_forecast__2016_09_04__single__paper__case_2016_09_01_prototype_2016_72h_opendrift_p50_single.png,phase3a,publication_phase3a,display_only,copied_from_existing_output,CASE_2016-09-01,True,True,Legacy Phase 3A publication-facing OpenDrift/PyGNOME comparator figure copied from stored outputs.
output/2016 Legacy Runs FINAL Figures/publication/phase3a/CASE_2016-09-01/case_2016_09_01__prototype_pygnome_similarity_summary__opendrift_p90__single_forecast__2016_09_02__single__paper__case_2016_09_01_prototype_2016_24h_opendrift_p90_single.png,output/figure_package_publication/case_2016_09_01__prototype_pygnome_similarity_summary__opendrift_p90__single_forecast__2016_09_02__single__paper__case_2016_09_01_prototype_2016_24h_opendrift_p90_single.png,phase3a,publication_phase3a,display_only,copied_from_existing_output,CASE_2016-09-01,True,True,Legacy Phase 3A publication-facing OpenDrift/PyGNOME comparator figure copied from stored outputs.
output/2016 Legacy Runs FINAL Figures/publication/phase3a/CASE_2016-09-01/case_2016_09_01__prototype_pygnome_similarity_summary__opendrift_p90__single_forecast__2016_09_03__single__paper__case_2016_09_01_prototype_2016_48h_opendrift_p90_single.png,output/figure_package_publication/case_2016_09_01__prototype_pygnome_similarity_summary__opendrift_p90__single_forecast__2016_09_03__single__paper__case_2016_09_01_prototype_2016_48h_opendrift_p90_single.png,phase3a,publication_phase3a,display_only,copied_from_existing_output,CASE_2016-09-01,True,True,Legacy Phase 3A publication-facing OpenDrift/PyGNOME comparator figure copied from stored outputs.
output/2016 Legacy Runs FINAL Figures/publication/phase3a/CASE_2016-09-01/case_2016_09_01__prototype_pygnome_similarity_summary__opendrift_p90__single_forecast__2016_09_04__single__paper__case_2016_09_01_prototype_2016_72h_opendrift_p90_single.png,output/figure_package_publication/case_2016_09_01__prototype_pygnome_similarity_summary__opendrift_p90__single_forecast__2016_09_04__single__paper__case_2016_09_01_prototype_2016_72h_opendrift_p90_single.png,phase3a,publication_phase3a,display_only,copied_from_existing_output,CASE_2016-09-01,True,True,Legacy Phase 3A publication-facing OpenDrift/PyGNOME comparator figure copied from stored outputs.
output/2016 Legacy Runs FINAL Figures/publication/phase3a/CASE_2016-09-01/case_2016_09_01__prototype_pygnome_similarity_summary__opendrift_vs_pygnome__comparison_board__2016_09_02_to_2016_09_04__board__slide__case_2016_09_01_prototype_2016_24_48_72h_opendrift_vs_pygnome_board.png,output/figure_package_publication/case_2016_09_01__prototype_pygnome_similarity_summary__opendrift_vs_pygnome__comparison_board__2016_09_02_to_2016_09_04__board__slide__case_2016_09_01_prototype_2016_24_48_72h_opendrift_vs_pygnome_board.png,phase3a,publication_phase3a,display_only,copied_from_existing_output,CASE_2016-09-01,True,True,Legacy Phase 3A publication-facing OpenDrift/PyGNOME comparator figure copied from stored outputs.
output/2016 Legacy Runs FINAL Figures/publication/phase3a/CASE_2016-09-01/case_2016_09_01__prototype_pygnome_similarity_summary__pygnome__single_forecast__2016_09_02__single__paper__case_2016_09_01_prototype_2016_24h_pygnome_single.png,output/figure_package_publication/case_2016_09_01__prototype_pygnome_similarity_summary__pygnome__single_forecast__2016_09_02__single__paper__case_2016_09_01_prototype_2016_24h_pygnome_single.png,phase3a,publication_phase3a,display_only,copied_from_existing_output,CASE_2016-09-01,True,True,Legacy Phase 3A publication-facing OpenDrift/PyGNOME comparator figure copied from stored outputs.
output/2016 Legacy Runs FINAL Figures/publication/phase3a/CASE_2016-09-01/case_2016_09_01__prototype_pygnome_similarity_summary__pygnome__single_forecast__2016_09_03__single__paper__case_2016_09_01_prototype_2016_48h_pygnome_single.png,output/figure_package_publication/case_2016_09_01__prototype_pygnome_similarity_summary__pygnome__single_forecast__2016_09_03__single__paper__case_2016_09_01_prototype_2016_48h_pygnome_single.png,phase3a,publication_phase3a,display_only,copied_from_existing_output,CASE_2016-09-01,True,True,Legacy Phase 3A publication-facing OpenDrift/PyGNOME comparator figure copied from stored outputs.
output/2016 Legacy Runs FINAL Figures/publication/phase3a/CASE_2016-09-01/case_2016_09_01__prototype_pygnome_similarity_summary__pygnome__single_forecast__2016_09_04__single__paper__case_2016_09_01_prototype_2016_72h_pygnome_single.png,output/figure_package_publication/case_2016_09_01__prototype_pygnome_similarity_summary__pygnome__single_forecast__2016_09_04__single__paper__case_2016_09_01_prototype_2016_72h_pygnome_single.png,phase3a,publication_phase3a,display_only,copied_from_existing_output,CASE_2016-09-01,True,True,Legacy Phase 3A publication-facing OpenDrift/PyGNOME comparator figure copied from stored outputs.
output/2016 Legacy Runs FINAL Figures/scientific_source_pngs/phase3a/CASE_2016-09-01/case_2016_09_01__prototype_2016__24_48_72h__opendrift_vs_pygnome__board.png,output/prototype_2016_pygnome_similarity/figures/case_2016_09_01__prototype_2016__24_48_72h__opendrift_vs_pygnome__board.png,phase3a,scientific_source_phase3a,scientific_source,copied_from_existing_output,CASE_2016-09-01,True,True,Exact stored Phase 3A scientific source PNG used by the legacy comparator package.
output/2016 Legacy Runs FINAL Figures/scientific_source_pngs/phase3a/CASE_2016-09-01/case_2016_09_01__prototype_2016__24h__opendrift__single.png,output/prototype_2016_pygnome_similarity/figures/case_2016_09_01__prototype_2016__24h__opendrift__single.png,phase3a,scientific_source_phase3a,scientific_source,copied_from_existing_output,CASE_2016-09-01,True,True,Exact stored Phase 3A scientific source PNG used by the legacy comparator package.
output/2016 Legacy Runs FINAL Figures/scientific_source_pngs/phase3a/CASE_2016-09-01/case_2016_09_01__prototype_2016__24h__opendrift_p50__single.png,output/prototype_2016_pygnome_similarity/figures/case_2016_09_01__prototype_2016__24h__opendrift_p50__single.png,phase3a,scientific_source_phase3a,scientific_source,copied_from_existing_output,CASE_2016-09-01,True,True,Exact stored Phase 3A scientific source PNG used by the legacy comparator package.
output/2016 Legacy Runs FINAL Figures/scientific_source_pngs/phase3a/CASE_2016-09-01/case_2016_09_01__prototype_2016__24h__opendrift_p90__single.png,output/prototype_2016_pygnome_similarity/figures/case_2016_09_01__prototype_2016__24h__opendrift_p90__single.png,phase3a,scientific_source_phase3a,scientific_source,copied_from_existing_output,CASE_2016-09-01,True,True,Exact stored Phase 3A scientific source PNG used by the legacy comparator package.
output/2016 Legacy Runs FINAL Figures/scientific_source_pngs/phase3a/CASE_2016-09-01/case_2016_09_01__prototype_2016__24h__pygnome__single.png,output/prototype_2016_pygnome_similarity/figures/case_2016_09_01__prototype_2016__24h__pygnome__single.png,phase3a,scientific_source_phase3a,scientific_source,copied_from_existing_output,CASE_2016-09-01,True,True,Exact stored Phase 3A scientific source PNG used by the legacy comparator package.
output/2016 Legacy Runs FINAL Figures/scientific_source_pngs/phase3a/CASE_2016-09-01/case_2016_09_01__prototype_2016__48h__opendrift__single.png,output/prototype_2016_pygnome_similarity/figures/case_2016_09_01__prototype_2016__48h__opendrift__single.png,phase3a,scientific_source_phase3a,scientific_source,copied_from_existing_output,CASE_2016-09-01,True,True,Exact stored Phase 3A scientific source PNG used by the legacy comparator package.
output/2016 Legacy Runs FINAL Figures/scientific_source_pngs/phase3a/CASE_2016-09-01/case_2016_09_01__prototype_2016__48h__opendrift_p50__single.png,output/prototype_2016_pygnome_similarity/figures/case_2016_09_01__prototype_2016__48h__opendrift_p50__single.png,phase3a,scientific_source_phase3a,scientific_source,copied_from_existing_output,CASE_2016-09-01,True,True,Exact stored Phase 3A scientific source PNG used by the legacy comparator package.
output/2016 Legacy Runs FINAL Figures/scientific_source_pngs/phase3a/CASE_2016-09-01/case_2016_09_01__prototype_2016__48h__opendrift_p90__single.png,output/prototype_2016_pygnome_similarity/figures/case_2016_09_01__prototype_2016__48h__opendrift_p90__single.png,phase3a,scientific_source_phase3a,scientific_source,copied_from_existing_output,CASE_2016-09-01,True,True,Exact stored Phase 3A scientific source PNG used by the legacy comparator package.
output/2016 Legacy Runs FINAL Figures/scientific_source_pngs/phase3a/CASE_2016-09-01/case_2016_09_01__prototype_2016__48h__pygnome__single.png,output/prototype_2016_pygnome_similarity/figures/case_2016_09_01__prototype_2016__48h__pygnome__single.png,phase3a,scientific_source_phase3a,scientific_source,copied_from_existing_output,CASE_2016-09-01,True,True,Exact stored Phase 3A scientific source PNG used by the legacy comparator package.
output/2016 Legacy Runs FINAL Figures/scientific_source_pngs/phase3a/CASE_2016-09-01/case_2016_09_01__prototype_2016__72h__opendrift__single.png,output/prototype_2016_pygnome_similarity/figures/case_2016_09_01__prototype_2016__72h__opendrift__single.png,phase3a,scientific_source_phase3a,scientific_source,copied_from_existing_output,CASE_2016-09-01,True,True,Exact stored Phase 3A scientific source PNG used by the legacy comparator package.
output/2016 Legacy Runs FINAL Figures/scientific_source_pngs/phase3a/CASE_2016-09-01/case_2016_09_01__prototype_2016__72h__opendrift_p50__single.png,output/prototype_2016_pygnome_similarity/figures/case_2016_09_01__prototype_2016__72h__opendrift_p50__single.png,phase3a,scientific_source_phase3a,scientific_source,copied_from_existing_output,CASE_2016-09-01,True,True,Exact stored Phase 3A scientific source PNG used by the legacy comparator package.
output/2016 Legacy Runs FINAL Figures/scientific_source_pngs/phase3a/CASE_2016-09-01/case_2016_09_01__prototype_2016__72h__opendrift_p90__single.png,output/prototype_2016_pygnome_similarity/figures/case_2016_09_01__prototype_2016__72h__opendrift_p90__single.png,phase3a,scientific_source_phase3a,scientific_source,copied_from_existing_output,CASE_2016-09-01,True,True,Exact stored Phase 3A scientific source PNG used by the legacy comparator package.
output/2016 Legacy Runs FINAL Figures/scientific_source_pngs/phase3a/CASE_2016-09-01/case_2016_09_01__prototype_2016__72h__pygnome__single.png,output/prototype_2016_pygnome_similarity/figures/case_2016_09_01__prototype_2016__72h__pygnome__single.png,phase3a,scientific_source_phase3a,scientific_source,copied_from_existing_output,CASE_2016-09-01,True,True,Exact stored Phase 3A scientific source PNG used by the legacy comparator package.
output/2016 Legacy Runs FINAL Figures/summary/phase3a/CASE_2016-09-01/phase3a_summary.csv,output/CASE_2016-09-01/benchmark/phase3a_summary.csv,phase3a,summary_phase3a,scientific_source,copied_from_existing_output,CASE_2016-09-01,True,False,Per-case Phase 3A summary or pairing artifact copied from the stored benchmark package.
output/2016 Legacy Runs FINAL Figures/summary/phase3a/CASE_2016-09-01/phase3a_fss_by_time_window.csv,output/CASE_2016-09-01/benchmark/phase3a_fss_by_time_window.csv,phase3a,summary_phase3a,scientific_source,copied_from_existing_output,CASE_2016-09-01,True,True,Per-case Phase 3A summary or pairing artifact copied from the stored benchmark package.
output/2016 Legacy Runs FINAL Figures/summary/phase3a/CASE_2016-09-01/phase3a_kl_by_time.csv,output/CASE_2016-09-01/benchmark/phase3a_kl_by_time.csv,phase3a,summary_phase3a,scientific_source,copied_from_existing_output,CASE_2016-09-01,True,True,Per-case Phase 3A summary or pairing artifact copied from the stored benchmark package.
output/2016 Legacy Runs FINAL Figures/summary/phase3a/CASE_2016-09-01/phase3a_pairing_manifest.csv,output/CASE_2016-09-01/benchmark/phase3a_pairing_manifest.csv,phase3a,summary_phase3a,scientific_source,copied_from_existing_output,CASE_2016-09-01,True,True,Per-case Phase 3A summary or pairing artifact copied from the stored benchmark package.
output/2016 Legacy Runs FINAL Figures/summary/phase3a/CASE_2016-09-01/pygnome_benchmark_metadata.json,output/CASE_2016-09-01/benchmark/pygnome/pygnome_benchmark_metadata.json,phase3a,summary_phase3a,metadata,copied_from_existing_output,CASE_2016-09-01,True,True,Per-case Phase 3A metadata copied from stored benchmark artifacts.
output/2016 Legacy Runs FINAL Figures/summary/phase3a/CASE_2016-09-01/grid.json,output/CASE_2016-09-01/benchmark/grid/grid.json,phase3a,summary_phase3a,metadata,copied_from_existing_output,CASE_2016-09-01,True,False,Per-case Phase 3A metadata copied from stored benchmark artifacts.
output/2016 Legacy Runs FINAL Figures/publication/phase3a/CASE_2016-09-06/case_2016_09_06__prototype_pygnome_similarity_summary__opendrift__single_forecast__2016_09_07__single__paper__case_2016_09_06_prototype_2016_24h_opendrift_single.png,output/figure_package_publication/case_2016_09_06__prototype_pygnome_similarity_summary__opendrift__single_forecast__2016_09_07__single__paper__case_2016_09_06_prototype_2016_24h_opendrift_single.png,phase3a,publication_phase3a,display_only,copied_from_existing_output,CASE_2016-09-06,True,True,Legacy Phase 3A publication-facing OpenDrift/PyGNOME comparator figure copied from stored outputs.
output/2016 Legacy Runs FINAL Figures/publication/phase3a/CASE_2016-09-06/case_2016_09_06__prototype_pygnome_similarity_summary__opendrift__single_forecast__2016_09_08__single__paper__case_2016_09_06_prototype_2016_48h_opendrift_single.png,output/figure_package_publication/case_2016_09_06__prototype_pygnome_similarity_summary__opendrift__single_forecast__2016_09_08__single__paper__case_2016_09_06_prototype_2016_48h_opendrift_single.png,phase3a,publication_phase3a,display_only,copied_from_existing_output,CASE_2016-09-06,True,True,Legacy Phase 3A publication-facing OpenDrift/PyGNOME comparator figure copied from stored outputs.
output/2016 Legacy Runs FINAL Figures/publication/phase3a/CASE_2016-09-06/case_2016_09_06__prototype_pygnome_similarity_summary__opendrift__single_forecast__2016_09_09__single__paper__case_2016_09_06_prototype_2016_72h_opendrift_single.png,output/figure_package_publication/case_2016_09_06__prototype_pygnome_similarity_summary__opendrift__single_forecast__2016_09_09__single__paper__case_2016_09_06_prototype_2016_72h_opendrift_single.png,phase3a,publication_phase3a,display_only,copied_from_existing_output,CASE_2016-09-06,True,True,Legacy Phase 3A publication-facing OpenDrift/PyGNOME comparator figure copied from stored outputs.
output/2016 Legacy Runs FINAL Figures/publication/phase3a/CASE_2016-09-06/case_2016_09_06__prototype_pygnome_similarity_summary__opendrift_p50__single_forecast__2016_09_07__single__paper__case_2016_09_06_prototype_2016_24h_opendrift_p50_single.png,output/figure_package_publication/case_2016_09_06__prototype_pygnome_similarity_summary__opendrift_p50__single_forecast__2016_09_07__single__paper__case_2016_09_06_prototype_2016_24h_opendrift_p50_single.png,phase3a,publication_phase3a,display_only,copied_from_existing_output,CASE_2016-09-06,True,True,Legacy Phase 3A publication-facing OpenDrift/PyGNOME comparator figure copied from stored outputs.
output/2016 Legacy Runs FINAL Figures/publication/phase3a/CASE_2016-09-06/case_2016_09_06__prototype_pygnome_similarity_summary__opendrift_p50__single_forecast__2016_09_08__single__paper__case_2016_09_06_prototype_2016_48h_opendrift_p50_single.png,output/figure_package_publication/case_2016_09_06__prototype_pygnome_similarity_summary__opendrift_p50__single_forecast__2016_09_08__single__paper__case_2016_09_06_prototype_2016_48h_opendrift_p50_single.png,phase3a,publication_phase3a,display_only,copied_from_existing_output,CASE_2016-09-06,True,True,Legacy Phase 3A publication-facing OpenDrift/PyGNOME comparator figure copied from stored outputs.
output/2016 Legacy Runs FINAL Figures/publication/phase3a/CASE_2016-09-06/case_2016_09_06__prototype_pygnome_similarity_summary__opendrift_p50__single_forecast__2016_09_09__single__paper__case_2016_09_06_prototype_2016_72h_opendrift_p50_single.png,output/figure_package_publication/case_2016_09_06__prototype_pygnome_similarity_summary__opendrift_p50__single_forecast__2016_09_09__single__paper__case_2016_09_06_prototype_2016_72h_opendrift_p50_single.png,phase3a,publication_phase3a,display_only,copied_from_existing_output,CASE_2016-09-06,True,True,Legacy Phase 3A publication-facing OpenDrift/PyGNOME comparator figure copied from stored outputs.
output/2016 Legacy Runs FINAL Figures/publication/phase3a/CASE_2016-09-06/case_2016_09_06__prototype_pygnome_similarity_summary__opendrift_p90__single_forecast__2016_09_07__single__paper__case_2016_09_06_prototype_2016_24h_opendrift_p90_single.png,output/figure_package_publication/case_2016_09_06__prototype_pygnome_similarity_summary__opendrift_p90__single_forecast__2016_09_07__single__paper__case_2016_09_06_prototype_2016_24h_opendrift_p90_single.png,phase3a,publication_phase3a,display_only,copied_from_existing_output,CASE_2016-09-06,True,True,Legacy Phase 3A publication-facing OpenDrift/PyGNOME comparator figure copied from stored outputs.
output/2016 Legacy Runs FINAL Figures/publication/phase3a/CASE_2016-09-06/case_2016_09_06__prototype_pygnome_similarity_summary__opendrift_p90__single_forecast__2016_09_08__single__paper__case_2016_09_06_prototype_2016_48h_opendrift_p90_single.png,output/figure_package_publication/case_2016_09_06__prototype_pygnome_similarity_summary__opendrift_p90__single_forecast__2016_09_08__single__paper__case_2016_09_06_prototype_2016_48h_opendrift_p90_single.png,phase3a,publication_phase3a,display_only,copied_from_existing_output,CASE_2016-09-06,True,True,Legacy Phase 3A publication-facing OpenDrift/PyGNOME comparator figure copied from stored outputs.
output/2016 Legacy Runs FINAL Figures/publication/phase3a/CASE_2016-09-06/case_2016_09_06__prototype_pygnome_similarity_summary__opendrift_p90__single_forecast__2016_09_09__single__paper__case_2016_09_06_prototype_2016_72h_opendrift_p90_single.png,output/figure_package_publication/case_2016_09_06__prototype_pygnome_similarity_summary__opendrift_p90__single_forecast__2016_09_09__single__paper__case_2016_09_06_prototype_2016_72h_opendrift_p90_single.png,phase3a,publication_phase3a,display_only,copied_from_existing_output,CASE_2016-09-06,True,True,Legacy Phase 3A publication-facing OpenDrift/PyGNOME comparator figure copied from stored outputs.
output/2016 Legacy Runs FINAL Figures/publication/phase3a/CASE_2016-09-06/case_2016_09_06__prototype_pygnome_similarity_summary__opendrift_vs_pygnome__comparison_board__2016_09_07_to_2016_09_09__board__slide__case_2016_09_06_prototype_2016_24_48_72h_opendrift_vs_pygnome_board.png,output/figure_package_publication/case_2016_09_06__prototype_pygnome_similarity_summary__opendrift_vs_pygnome__comparison_board__2016_09_07_to_2016_09_09__board__slide__case_2016_09_06_prototype_2016_24_48_72h_opendrift_vs_pygnome_board.png,phase3a,publication_phase3a,display_only,copied_from_existing_output,CASE_2016-09-06,True,True,Legacy Phase 3A publication-facing OpenDrift/PyGNOME comparator figure copied from stored outputs.
output/2016 Legacy Runs FINAL Figures/publication/phase3a/CASE_2016-09-06/case_2016_09_06__prototype_pygnome_similarity_summary__pygnome__single_forecast__2016_09_07__single__paper__case_2016_09_06_prototype_2016_24h_pygnome_single.png,output/figure_package_publication/case_2016_09_06__prototype_pygnome_similarity_summary__pygnome__single_forecast__2016_09_07__single__paper__case_2016_09_06_prototype_2016_24h_pygnome_single.png,phase3a,publication_phase3a,display_only,copied_from_existing_output,CASE_2016-09-06,True,True,Legacy Phase 3A publication-facing OpenDrift/PyGNOME comparator figure copied from stored outputs.
output/2016 Legacy Runs FINAL Figures/publication/phase3a/CASE_2016-09-06/case_2016_09_06__prototype_pygnome_similarity_summary__pygnome__single_forecast__2016_09_08__single__paper__case_2016_09_06_prototype_2016_48h_pygnome_single.png,output/figure_package_publication/case_2016_09_06__prototype_pygnome_similarity_summary__pygnome__single_forecast__2016_09_08__single__paper__case_2016_09_06_prototype_2016_48h_pygnome_single.png,phase3a,publication_phase3a,display_only,copied_from_existing_output,CASE_2016-09-06,True,True,Legacy Phase 3A publication-facing OpenDrift/PyGNOME comparator figure copied from stored outputs.
output/2016 Legacy Runs FINAL Figures/publication/phase3a/CASE_2016-09-06/case_2016_09_06__prototype_pygnome_similarity_summary__pygnome__single_forecast__2016_09_09__single__paper__case_2016_09_06_prototype_2016_72h_pygnome_single.png,output/figure_package_publication/case_2016_09_06__prototype_pygnome_similarity_summary__pygnome__single_forecast__2016_09_09__single__paper__case_2016_09_06_prototype_2016_72h_pygnome_single.png,phase3a,publication_phase3a,display_only,copied_from_existing_output,CASE_2016-09-06,True,True,Legacy Phase 3A publication-facing OpenDrift/PyGNOME comparator figure copied from stored outputs.
output/2016 Legacy Runs FINAL Figures/scientific_source_pngs/phase3a/CASE_2016-09-06/case_2016_09_06__prototype_2016__24_48_72h__opendrift_vs_pygnome__board.png,output/prototype_2016_pygnome_similarity/figures/case_2016_09_06__prototype_2016__24_48_72h__opendrift_vs_pygnome__board.png,phase3a,scientific_source_phase3a,scientific_source,copied_from_existing_output,CASE_2016-09-06,True,True,Exact stored Phase 3A scientific source PNG used by the legacy comparator package.
output/2016 Legacy Runs FINAL Figures/scientific_source_pngs/phase3a/CASE_2016-09-06/case_2016_09_06__prototype_2016__24h__opendrift__single.png,output/prototype_2016_pygnome_similarity/figures/case_2016_09_06__prototype_2016__24h__opendrift__single.png,phase3a,scientific_source_phase3a,scientific_source,copied_from_existing_output,CASE_2016-09-06,True,True,Exact stored Phase 3A scientific source PNG used by the legacy comparator package.
output/2016 Legacy Runs FINAL Figures/scientific_source_pngs/phase3a/CASE_2016-09-06/case_2016_09_06__prototype_2016__24h__opendrift_p50__single.png,output/prototype_2016_pygnome_similarity/figures/case_2016_09_06__prototype_2016__24h__opendrift_p50__single.png,phase3a,scientific_source_phase3a,scientific_source,copied_from_existing_output,CASE_2016-09-06,True,True,Exact stored Phase 3A scientific source PNG used by the legacy comparator package.
output/2016 Legacy Runs FINAL Figures/scientific_source_pngs/phase3a/CASE_2016-09-06/case_2016_09_06__prototype_2016__24h__opendrift_p90__single.png,output/prototype_2016_pygnome_similarity/figures/case_2016_09_06__prototype_2016__24h__opendrift_p90__single.png,phase3a,scientific_source_phase3a,scientific_source,copied_from_existing_output,CASE_2016-09-06,True,True,Exact stored Phase 3A scientific source PNG used by the legacy comparator package.
output/2016 Legacy Runs FINAL Figures/scientific_source_pngs/phase3a/CASE_2016-09-06/case_2016_09_06__prototype_2016__24h__pygnome__single.png,output/prototype_2016_pygnome_similarity/figures/case_2016_09_06__prototype_2016__24h__pygnome__single.png,phase3a,scientific_source_phase3a,scientific_source,copied_from_existing_output,CASE_2016-09-06,True,True,Exact stored Phase 3A scientific source PNG used by the legacy comparator package.
output/2016 Legacy Runs FINAL Figures/scientific_source_pngs/phase3a/CASE_2016-09-06/case_2016_09_06__prototype_2016__48h__opendrift__single.png,output/prototype_2016_pygnome_similarity/figures/case_2016_09_06__prototype_2016__48h__opendrift__single.png,phase3a,scientific_source_phase3a,scientific_source,copied_from_existing_output,CASE_2016-09-06,True,True,Exact stored Phase 3A scientific source PNG used by the legacy comparator package.
output/2016 Legacy Runs FINAL Figures/scientific_source_pngs/phase3a/CASE_2016-09-06/case_2016_09_06__prototype_2016__48h__opendrift_p50__single.png,output/prototype_2016_pygnome_similarity/figures/case_2016_09_06__prototype_2016__48h__opendrift_p50__single.png,phase3a,scientific_source_phase3a,scientific_source,copied_from_existing_output,CASE_2016-09-06,True,True,Exact stored Phase 3A scientific source PNG used by the legacy comparator package.
output/2016 Legacy Runs FINAL Figures/scientific_source_pngs/phase3a/CASE_2016-09-06/case_2016_09_06__prototype_2016__48h__opendrift_p90__single.png,output/prototype_2016_pygnome_similarity/figures/case_2016_09_06__prototype_2016__48h__opendrift_p90__single.png,phase3a,scientific_source_phase3a,scientific_source,copied_from_existing_output,CASE_2016-09-06,True,True,Exact stored Phase 3A scientific source PNG used by the legacy comparator package.
output/2016 Legacy Runs FINAL Figures/scientific_source_pngs/phase3a/CASE_2016-09-06/case_2016_09_06__prototype_2016__48h__pygnome__single.png,output/prototype_2016_pygnome_similarity/figures/case_2016_09_06__prototype_2016__48h__pygnome__single.png,phase3a,scientific_source_phase3a,scientific_source,copied_from_existing_output,CASE_2016-09-06,True,True,Exact stored Phase 3A scientific source PNG used by the legacy comparator package.
output/2016 Legacy Runs FINAL Figures/scientific_source_pngs/phase3a/CASE_2016-09-06/case_2016_09_06__prototype_2016__72h__opendrift__single.png,output/prototype_2016_pygnome_similarity/figures/case_2016_09_06__prototype_2016__72h__opendrift__single.png,phase3a,scientific_source_phase3a,scientific_source,copied_from_existing_output,CASE_2016-09-06,True,True,Exact stored Phase 3A scientific source PNG used by the legacy comparator package.
output/2016 Legacy Runs FINAL Figures/scientific_source_pngs/phase3a/CASE_2016-09-06/case_2016_09_06__prototype_2016__72h__opendrift_p50__single.png,output/prototype_2016_pygnome_similarity/figures/case_2016_09_06__prototype_2016__72h__opendrift_p50__single.png,phase3a,scientific_source_phase3a,scientific_source,copied_from_existing_output,CASE_2016-09-06,True,True,Exact stored Phase 3A scientific source PNG used by the legacy comparator package.
output/2016 Legacy Runs FINAL Figures/scientific_source_pngs/phase3a/CASE_2016-09-06/case_2016_09_06__prototype_2016__72h__opendrift_p90__single.png,output/prototype_2016_pygnome_similarity/figures/case_2016_09_06__prototype_2016__72h__opendrift_p90__single.png,phase3a,scientific_source_phase3a,scientific_source,copied_from_existing_output,CASE_2016-09-06,True,True,Exact stored Phase 3A scientific source PNG used by the legacy comparator package.
output/2016 Legacy Runs FINAL Figures/scientific_source_pngs/phase3a/CASE_2016-09-06/case_2016_09_06__prototype_2016__72h__pygnome__single.png,output/prototype_2016_pygnome_similarity/figures/case_2016_09_06__prototype_2016__72h__pygnome__single.png,phase3a,scientific_source_phase3a,scientific_source,copied_from_existing_output,CASE_2016-09-06,True,True,Exact stored Phase 3A scientific source PNG used by the legacy comparator package.
output/2016 Legacy Runs FINAL Figures/summary/phase3a/CASE_2016-09-06/phase3a_summary.csv,output/CASE_2016-09-06/benchmark/phase3a_summary.csv,phase3a,summary_phase3a,scientific_source,copied_from_existing_output,CASE_2016-09-06,True,False,Per-case Phase 3A summary or pairing artifact copied from the stored benchmark package.
output/2016 Legacy Runs FINAL Figures/summary/phase3a/CASE_2016-09-06/phase3a_fss_by_time_window.csv,output/CASE_2016-09-06/benchmark/phase3a_fss_by_time_window.csv,phase3a,summary_phase3a,scientific_source,copied_from_existing_output,CASE_2016-09-06,True,True,Per-case Phase 3A summary or pairing artifact copied from the stored benchmark package.
output/2016 Legacy Runs FINAL Figures/summary/phase3a/CASE_2016-09-06/phase3a_kl_by_time.csv,output/CASE_2016-09-06/benchmark/phase3a_kl_by_time.csv,phase3a,summary_phase3a,scientific_source,copied_from_existing_output,CASE_2016-09-06,True,True,Per-case Phase 3A summary or pairing artifact copied from the stored benchmark package.
output/2016 Legacy Runs FINAL Figures/summary/phase3a/CASE_2016-09-06/phase3a_pairing_manifest.csv,output/CASE_2016-09-06/benchmark/phase3a_pairing_manifest.csv,phase3a,summary_phase3a,scientific_source,copied_from_existing_output,CASE_2016-09-06,True,True,Per-case Phase 3A summary or pairing artifact copied from the stored benchmark package.
output/2016 Legacy Runs FINAL Figures/summary/phase3a/CASE_2016-09-06/pygnome_benchmark_metadata.json,output/CASE_2016-09-06/benchmark/pygnome/pygnome_benchmark_metadata.json,phase3a,summary_phase3a,metadata,copied_from_existing_output,CASE_2016-09-06,True,True,Per-case Phase 3A metadata copied from stored benchmark artifacts.
output/2016 Legacy Runs FINAL Figures/summary/phase3a/CASE_2016-09-06/grid.json,output/CASE_2016-09-06/benchmark/grid/grid.json,phase3a,summary_phase3a,metadata,copied_from_existing_output,CASE_2016-09-06,True,False,Per-case Phase 3A metadata copied from stored benchmark artifacts.
output/2016 Legacy Runs FINAL Figures/publication/phase3a/CASE_2016-09-17/case_2016_09_17__prototype_pygnome_similarity_summary__opendrift__single_forecast__2016_09_18__single__paper__case_2016_09_17_prototype_2016_24h_opendrift_single.png,output/figure_package_publication/case_2016_09_17__prototype_pygnome_similarity_summary__opendrift__single_forecast__2016_09_18__single__paper__case_2016_09_17_prototype_2016_24h_opendrift_single.png,phase3a,publication_phase3a,display_only,copied_from_existing_output,CASE_2016-09-17,True,True,Legacy Phase 3A publication-facing OpenDrift/PyGNOME comparator figure copied from stored outputs.
output/2016 Legacy Runs FINAL Figures/publication/phase3a/CASE_2016-09-17/case_2016_09_17__prototype_pygnome_similarity_summary__opendrift__single_forecast__2016_09_19__single__paper__case_2016_09_17_prototype_2016_48h_opendrift_single.png,output/figure_package_publication/case_2016_09_17__prototype_pygnome_similarity_summary__opendrift__single_forecast__2016_09_19__single__paper__case_2016_09_17_prototype_2016_48h_opendrift_single.png,phase3a,publication_phase3a,display_only,copied_from_existing_output,CASE_2016-09-17,True,True,Legacy Phase 3A publication-facing OpenDrift/PyGNOME comparator figure copied from stored outputs.
output/2016 Legacy Runs FINAL Figures/publication/phase3a/CASE_2016-09-17/case_2016_09_17__prototype_pygnome_similarity_summary__opendrift__single_forecast__2016_09_20__single__paper__case_2016_09_17_prototype_2016_72h_opendrift_single.png,output/figure_package_publication/case_2016_09_17__prototype_pygnome_similarity_summary__opendrift__single_forecast__2016_09_20__single__paper__case_2016_09_17_prototype_2016_72h_opendrift_single.png,phase3a,publication_phase3a,display_only,copied_from_existing_output,CASE_2016-09-17,True,True,Legacy Phase 3A publication-facing OpenDrift/PyGNOME comparator figure copied from stored outputs.
output/2016 Legacy Runs FINAL Figures/publication/phase3a/CASE_2016-09-17/case_2016_09_17__prototype_pygnome_similarity_summary__opendrift_p50__single_forecast__2016_09_18__single__paper__case_2016_09_17_prototype_2016_24h_opendrift_p50_single.png,output/figure_package_publication/case_2016_09_17__prototype_pygnome_similarity_summary__opendrift_p50__single_forecast__2016_09_18__single__paper__case_2016_09_17_prototype_2016_24h_opendrift_p50_single.png,phase3a,publication_phase3a,display_only,copied_from_existing_output,CASE_2016-09-17,True,True,Legacy Phase 3A publication-facing OpenDrift/PyGNOME comparator figure copied from stored outputs.
output/2016 Legacy Runs FINAL Figures/publication/phase3a/CASE_2016-09-17/case_2016_09_17__prototype_pygnome_similarity_summary__opendrift_p50__single_forecast__2016_09_19__single__paper__case_2016_09_17_prototype_2016_48h_opendrift_p50_single.png,output/figure_package_publication/case_2016_09_17__prototype_pygnome_similarity_summary__opendrift_p50__single_forecast__2016_09_19__single__paper__case_2016_09_17_prototype_2016_48h_opendrift_p50_single.png,phase3a,publication_phase3a,display_only,copied_from_existing_output,CASE_2016-09-17,True,True,Legacy Phase 3A publication-facing OpenDrift/PyGNOME comparator figure copied from stored outputs.
output/2016 Legacy Runs FINAL Figures/publication/phase3a/CASE_2016-09-17/case_2016_09_17__prototype_pygnome_similarity_summary__opendrift_p50__single_forecast__2016_09_20__single__paper__case_2016_09_17_prototype_2016_72h_opendrift_p50_single.png,output/figure_package_publication/case_2016_09_17__prototype_pygnome_similarity_summary__opendrift_p50__single_forecast__2016_09_20__single__paper__case_2016_09_17_prototype_2016_72h_opendrift_p50_single.png,phase3a,publication_phase3a,display_only,copied_from_existing_output,CASE_2016-09-17,True,True,Legacy Phase 3A publication-facing OpenDrift/PyGNOME comparator figure copied from stored outputs.
output/2016 Legacy Runs FINAL Figures/publication/phase3a/CASE_2016-09-17/case_2016_09_17__prototype_pygnome_similarity_summary__opendrift_p90__single_forecast__2016_09_18__single__paper__case_2016_09_17_prototype_2016_24h_opendrift_p90_single.png,output/figure_package_publication/case_2016_09_17__prototype_pygnome_similarity_summary__opendrift_p90__single_forecast__2016_09_18__single__paper__case_2016_09_17_prototype_2016_24h_opendrift_p90_single.png,phase3a,publication_phase3a,display_only,copied_from_existing_output,CASE_2016-09-17,True,True,Legacy Phase 3A publication-facing OpenDrift/PyGNOME comparator figure copied from stored outputs.
output/2016 Legacy Runs FINAL Figures/publication/phase3a/CASE_2016-09-17/case_2016_09_17__prototype_pygnome_similarity_summary__opendrift_p90__single_forecast__2016_09_19__single__paper__case_2016_09_17_prototype_2016_48h_opendrift_p90_single.png,output/figure_package_publication/case_2016_09_17__prototype_pygnome_similarity_summary__opendrift_p90__single_forecast__2016_09_19__single__paper__case_2016_09_17_prototype_2016_48h_opendrift_p90_single.png,phase3a,publication_phase3a,display_only,copied_from_existing_output,CASE_2016-09-17,True,True,Legacy Phase 3A publication-facing OpenDrift/PyGNOME comparator figure copied from stored outputs.
output/2016 Legacy Runs FINAL Figures/publication/phase3a/CASE_2016-09-17/case_2016_09_17__prototype_pygnome_similarity_summary__opendrift_p90__single_forecast__2016_09_20__single__paper__case_2016_09_17_prototype_2016_72h_opendrift_p90_single.png,output/figure_package_publication/case_2016_09_17__prototype_pygnome_similarity_summary__opendrift_p90__single_forecast__2016_09_20__single__paper__case_2016_09_17_prototype_2016_72h_opendrift_p90_single.png,phase3a,publication_phase3a,display_only,copied_from_existing_output,CASE_2016-09-17,True,True,Legacy Phase 3A publication-facing OpenDrift/PyGNOME comparator figure copied from stored outputs.
output/2016 Legacy Runs FINAL Figures/publication/phase3a/CASE_2016-09-17/case_2016_09_17__prototype_pygnome_similarity_summary__opendrift_vs_pygnome__comparison_board__2016_09_18_to_2016_09_20__board__slide__case_2016_09_17_prototype_2016_24_48_72h_opendrift_vs_pygnome_board.png,output/figure_package_publication/case_2016_09_17__prototype_pygnome_similarity_summary__opendrift_vs_pygnome__comparison_board__2016_09_18_to_2016_09_20__board__slide__case_2016_09_17_prototype_2016_24_48_72h_opendrift_vs_pygnome_board.png,phase3a,publication_phase3a,display_only,copied_from_existing_output,CASE_2016-09-17,True,True,Legacy Phase 3A publication-facing OpenDrift/PyGNOME comparator figure copied from stored outputs.
output/2016 Legacy Runs FINAL Figures/publication/phase3a/CASE_2016-09-17/case_2016_09_17__prototype_pygnome_similarity_summary__pygnome__single_forecast__2016_09_18__single__paper__case_2016_09_17_prototype_2016_24h_pygnome_single.png,output/figure_package_publication/case_2016_09_17__prototype_pygnome_similarity_summary__pygnome__single_forecast__2016_09_18__single__paper__case_2016_09_17_prototype_2016_24h_pygnome_single.png,phase3a,publication_phase3a,display_only,copied_from_existing_output,CASE_2016-09-17,True,True,Legacy Phase 3A publication-facing OpenDrift/PyGNOME comparator figure copied from stored outputs.
output/2016 Legacy Runs FINAL Figures/publication/phase3a/CASE_2016-09-17/case_2016_09_17__prototype_pygnome_similarity_summary__pygnome__single_forecast__2016_09_19__single__paper__case_2016_09_17_prototype_2016_48h_pygnome_single.png,output/figure_package_publication/case_2016_09_17__prototype_pygnome_similarity_summary__pygnome__single_forecast__2016_09_19__single__paper__case_2016_09_17_prototype_2016_48h_pygnome_single.png,phase3a,publication_phase3a,display_only,copied_from_existing_output,CASE_2016-09-17,True,True,Legacy Phase 3A publication-facing OpenDrift/PyGNOME comparator figure copied from stored outputs.
output/2016 Legacy Runs FINAL Figures/publication/phase3a/CASE_2016-09-17/case_2016_09_17__prototype_pygnome_similarity_summary__pygnome__single_forecast__2016_09_20__single__paper__case_2016_09_17_prototype_2016_72h_pygnome_single.png,output/figure_package_publication/case_2016_09_17__prototype_pygnome_similarity_summary__pygnome__single_forecast__2016_09_20__single__paper__case_2016_09_17_prototype_2016_72h_pygnome_single.png,phase3a,publication_phase3a,display_only,copied_from_existing_output,CASE_2016-09-17,True,True,Legacy Phase 3A publication-facing OpenDrift/PyGNOME comparator figure copied from stored outputs.
output/2016 Legacy Runs FINAL Figures/scientific_source_pngs/phase3a/CASE_2016-09-17/case_2016_09_17__prototype_2016__24_48_72h__opendrift_vs_pygnome__board.png,output/prototype_2016_pygnome_similarity/figures/case_2016_09_17__prototype_2016__24_48_72h__opendrift_vs_pygnome__board.png,phase3a,scientific_source_phase3a,scientific_source,copied_from_existing_output,CASE_2016-09-17,True,True,Exact stored Phase 3A scientific source PNG used by the legacy comparator package.
output/2016 Legacy Runs FINAL Figures/scientific_source_pngs/phase3a/CASE_2016-09-17/case_2016_09_17__prototype_2016__24h__opendrift__single.png,output/prototype_2016_pygnome_similarity/figures/case_2016_09_17__prototype_2016__24h__opendrift__single.png,phase3a,scientific_source_phase3a,scientific_source,copied_from_existing_output,CASE_2016-09-17,True,True,Exact stored Phase 3A scientific source PNG used by the legacy comparator package.
output/2016 Legacy Runs FINAL Figures/scientific_source_pngs/phase3a/CASE_2016-09-17/case_2016_09_17__prototype_2016__24h__opendrift_p50__single.png,output/prototype_2016_pygnome_similarity/figures/case_2016_09_17__prototype_2016__24h__opendrift_p50__single.png,phase3a,scientific_source_phase3a,scientific_source,copied_from_existing_output,CASE_2016-09-17,True,True,Exact stored Phase 3A scientific source PNG used by the legacy comparator package.
output/2016 Legacy Runs FINAL Figures/scientific_source_pngs/phase3a/CASE_2016-09-17/case_2016_09_17__prototype_2016__24h__opendrift_p90__single.png,output/prototype_2016_pygnome_similarity/figures/case_2016_09_17__prototype_2016__24h__opendrift_p90__single.png,phase3a,scientific_source_phase3a,scientific_source,copied_from_existing_output,CASE_2016-09-17,True,True,Exact stored Phase 3A scientific source PNG used by the legacy comparator package.
output/2016 Legacy Runs FINAL Figures/scientific_source_pngs/phase3a/CASE_2016-09-17/case_2016_09_17__prototype_2016__24h__pygnome__single.png,output/prototype_2016_pygnome_similarity/figures/case_2016_09_17__prototype_2016__24h__pygnome__single.png,phase3a,scientific_source_phase3a,scientific_source,copied_from_existing_output,CASE_2016-09-17,True,True,Exact stored Phase 3A scientific source PNG used by the legacy comparator package.
output/2016 Legacy Runs FINAL Figures/scientific_source_pngs/phase3a/CASE_2016-09-17/case_2016_09_17__prototype_2016__48h__opendrift__single.png,output/prototype_2016_pygnome_similarity/figures/case_2016_09_17__prototype_2016__48h__opendrift__single.png,phase3a,scientific_source_phase3a,scientific_source,copied_from_existing_output,CASE_2016-09-17,True,True,Exact stored Phase 3A scientific source PNG used by the legacy comparator package.
output/2016 Legacy Runs FINAL Figures/scientific_source_pngs/phase3a/CASE_2016-09-17/case_2016_09_17__prototype_2016__48h__opendrift_p50__single.png,output/prototype_2016_pygnome_similarity/figures/case_2016_09_17__prototype_2016__48h__opendrift_p50__single.png,phase3a,scientific_source_phase3a,scientific_source,copied_from_existing_output,CASE_2016-09-17,True,True,Exact stored Phase 3A scientific source PNG used by the legacy comparator package.
output/2016 Legacy Runs FINAL Figures/scientific_source_pngs/phase3a/CASE_2016-09-17/case_2016_09_17__prototype_2016__48h__opendrift_p90__single.png,output/prototype_2016_pygnome_similarity/figures/case_2016_09_17__prototype_2016__48h__opendrift_p90__single.png,phase3a,scientific_source_phase3a,scientific_source,copied_from_existing_output,CASE_2016-09-17,True,True,Exact stored Phase 3A scientific source PNG used by the legacy comparator package.
output/2016 Legacy Runs FINAL Figures/scientific_source_pngs/phase3a/CASE_2016-09-17/case_2016_09_17__prototype_2016__48h__pygnome__single.png,output/prototype_2016_pygnome_similarity/figures/case_2016_09_17__prototype_2016__48h__pygnome__single.png,phase3a,scientific_source_phase3a,scientific_source,copied_from_existing_output,CASE_2016-09-17,True,True,Exact stored Phase 3A scientific source PNG used by the legacy comparator package.
output/2016 Legacy Runs FINAL Figures/scientific_source_pngs/phase3a/CASE_2016-09-17/case_2016_09_17__prototype_2016__72h__opendrift__single.png,output/prototype_2016_pygnome_similarity/figures/case_2016_09_17__prototype_2016__72h__opendrift__single.png,phase3a,scientific_source_phase3a,scientific_source,copied_from_existing_output,CASE_2016-09-17,True,True,Exact stored Phase 3A scientific source PNG used by the legacy comparator package.
output/2016 Legacy Runs FINAL Figures/scientific_source_pngs/phase3a/CASE_2016-09-17/case_2016_09_17__prototype_2016__72h__opendrift_p50__single.png,output/prototype_2016_pygnome_similarity/figures/case_2016_09_17__prototype_2016__72h__opendrift_p50__single.png,phase3a,scientific_source_phase3a,scientific_source,copied_from_existing_output,CASE_2016-09-17,True,True,Exact stored Phase 3A scientific source PNG used by the legacy comparator package.
output/2016 Legacy Runs FINAL Figures/scientific_source_pngs/phase3a/CASE_2016-09-17/case_2016_09_17__prototype_2016__72h__opendrift_p90__single.png,output/prototype_2016_pygnome_similarity/figures/case_2016_09_17__prototype_2016__72h__opendrift_p90__single.png,phase3a,scientific_source_phase3a,scientific_source,copied_from_existing_output,CASE_2016-09-17,True,True,Exact stored Phase 3A scientific source PNG used by the legacy comparator package.
output/2016 Legacy Runs FINAL Figures/scientific_source_pngs/phase3a/CASE_2016-09-17/case_2016_09_17__prototype_2016__72h__pygnome__single.png,output/prototype_2016_pygnome_similarity/figures/case_2016_09_17__prototype_2016__72h__pygnome__single.png,phase3a,scientific_source_phase3a,scientific_source,copied_from_existing_output,CASE_2016-09-17,True,True,Exact stored Phase 3A scientific source PNG used by the legacy comparator package.
output/2016 Legacy Runs FINAL Figures/summary/phase3a/CASE_2016-09-17/phase3a_summary.csv,output/CASE_2016-09-17/benchmark/phase3a_summary.csv,phase3a,summary_phase3a,scientific_source,copied_from_existing_output,CASE_2016-09-17,True,False,Per-case Phase 3A summary or pairing artifact copied from the stored benchmark package.
output/2016 Legacy Runs FINAL Figures/summary/phase3a/CASE_2016-09-17/phase3a_fss_by_time_window.csv,output/CASE_2016-09-17/benchmark/phase3a_fss_by_time_window.csv,phase3a,summary_phase3a,scientific_source,copied_from_existing_output,CASE_2016-09-17,True,True,Per-case Phase 3A summary or pairing artifact copied from the stored benchmark package.
output/2016 Legacy Runs FINAL Figures/summary/phase3a/CASE_2016-09-17/phase3a_kl_by_time.csv,output/CASE_2016-09-17/benchmark/phase3a_kl_by_time.csv,phase3a,summary_phase3a,scientific_source,copied_from_existing_output,CASE_2016-09-17,True,True,Per-case Phase 3A summary or pairing artifact copied from the stored benchmark package.
output/2016 Legacy Runs FINAL Figures/summary/phase3a/CASE_2016-09-17/phase3a_pairing_manifest.csv,output/CASE_2016-09-17/benchmark/phase3a_pairing_manifest.csv,phase3a,summary_phase3a,scientific_source,copied_from_existing_output,CASE_2016-09-17,True,True,Per-case Phase 3A summary or pairing artifact copied from the stored benchmark package.
output/2016 Legacy Runs FINAL Figures/summary/phase3a/CASE_2016-09-17/pygnome_benchmark_metadata.json,output/CASE_2016-09-17/benchmark/pygnome/pygnome_benchmark_metadata.json,phase3a,summary_phase3a,metadata,copied_from_existing_output,CASE_2016-09-17,True,True,Per-case Phase 3A metadata copied from stored benchmark artifacts.
output/2016 Legacy Runs FINAL Figures/summary/phase3a/CASE_2016-09-17/grid.json,output/CASE_2016-09-17/benchmark/grid/grid.json,phase3a,summary_phase3a,metadata,copied_from_existing_output,CASE_2016-09-17,True,False,Per-case Phase 3A metadata copied from stored benchmark artifacts.
output/2016 Legacy Runs FINAL Figures/summary/phase3a/prototype_pygnome_case_registry.csv,output/prototype_2016_pygnome_similarity/prototype_pygnome_case_registry.csv,phase3a,summary_phase3a,scientific_source,copied_from_existing_output,,True,True,Cross-case Phase 3A legacy comparator summary artifact copied from the stored prototype similarity package.
output/2016 Legacy Runs FINAL Figures/summary/phase3a/prototype_pygnome_figure_captions.md,output/prototype_2016_pygnome_similarity/prototype_pygnome_figure_captions.md,phase3a,summary_phase3a,metadata,copied_from_existing_output,,True,True,Cross-case Phase 3A legacy comparator summary artifact copied from the stored prototype similarity package.
output/2016 Legacy Runs FINAL Figures/summary/phase3a/prototype_pygnome_figure_registry.csv,output/prototype_2016_pygnome_similarity/prototype_pygnome_figure_registry.csv,phase3a,summary_phase3a,scientific_source,copied_from_existing_output,,True,True,Cross-case Phase 3A legacy comparator summary artifact copied from the stored prototype similarity package.
output/2016 Legacy Runs FINAL Figures/summary/phase3a/prototype_pygnome_fss_by_case_window.csv,output/prototype_2016_pygnome_similarity/prototype_pygnome_fss_by_case_window.csv,phase3a,summary_phase3a,scientific_source,copied_from_existing_output,,True,True,Cross-case Phase 3A legacy comparator summary artifact copied from the stored prototype similarity package.
output/2016 Legacy Runs FINAL Figures/summary/phase3a/prototype_pygnome_kl_by_case_hour.csv,output/prototype_2016_pygnome_similarity/prototype_pygnome_kl_by_case_hour.csv,phase3a,summary_phase3a,scientific_source,copied_from_existing_output,,True,True,Cross-case Phase 3A legacy comparator summary artifact copied from the stored prototype similarity package.
output/2016 Legacy Runs FINAL Figures/summary/phase3a/prototype_pygnome_similarity_by_case.csv,output/prototype_2016_pygnome_similarity/prototype_pygnome_similarity_by_case.csv,phase3a,summary_phase3a,scientific_source,copied_from_existing_output,,True,True,Cross-case Phase 3A legacy comparator summary artifact copied from the stored prototype similarity package.
output/2016 Legacy Runs FINAL Figures/summary/phase3a/prototype_pygnome_similarity_manifest.json,output/prototype_2016_pygnome_similarity/prototype_pygnome_similarity_manifest.json,phase3a,summary_phase3a,metadata,copied_from_existing_output,,True,True,Cross-case Phase 3A legacy comparator summary artifact copied from the stored prototype similarity package.
output/2016 Legacy Runs FINAL Figures/summary/phase3a/prototype_pygnome_similarity_summary.md,output/prototype_2016_pygnome_similarity/prototype_pygnome_similarity_summary.md,phase3a,summary_phase3a,metadata,copied_from_existing_output,,True,True,Cross-case Phase 3A legacy comparator summary artifact copied from the stored prototype similarity package.
output/2016 Legacy Runs FINAL Figures/summary/phase3a/prototype_pygnome_skipped_cases.csv,output/prototype_2016_pygnome_similarity/prototype_pygnome_skipped_cases.csv,phase3a,summary_phase3a,scientific_source,copied_from_existing_output,,True,True,Cross-case Phase 3A legacy comparator summary artifact copied from the stored prototype similarity package.
output/2016 Legacy Runs FINAL Figures/summary/phase3a/source_path_notes.md,output/figure_package_publication | output/prototype_2016_pygnome_similarity | output/CASE_2016-*/benchmark,phase3a,summary_phase3a,metadata,regenerated_from_existing_metadata,,True,True,Phase 3A source-path memo for the curated prototype_2016 package.
output/2016 Legacy Runs FINAL Figures/publication/phase4/CASE_2016-09-01/mass_budget_comparison.png,output/CASE_2016-09-01/weathering/mass_budget_comparison.png,phase4,publication_phase4,display_only,copied_from_existing_output,CASE_2016-09-01,True,False,Legacy Phase 4 weathering/fate publication figure copied from the stored per-case weathering output.
output/2016 Legacy Runs FINAL Figures/scientific_source_pngs/phase4/CASE_2016-09-01/mass_budget_comparison.png,output/CASE_2016-09-01/weathering/mass_budget_comparison.png,phase4,scientific_source_phase4,scientific_source,copied_from_existing_output,CASE_2016-09-01,True,False,Exact stored Phase 4 weathering/fate source PNG used by the curated legacy package.
output/2016 Legacy Runs FINAL Figures/publication/phase4/CASE_2016-09-01/mass_budget_light.png,output/CASE_2016-09-01/weathering/mass_budget_light.png,phase4,publication_phase4,display_only,copied_from_existing_output,CASE_2016-09-01,True,False,Legacy Phase 4 weathering/fate publication figure copied from the stored per-case weathering output.
output/2016 Legacy Runs FINAL Figures/scientific_source_pngs/phase4/CASE_2016-09-01/mass_budget_light.png,output/CASE_2016-09-01/weathering/mass_budget_light.png,phase4,scientific_source_phase4,scientific_source,copied_from_existing_output,CASE_2016-09-01,True,False,Exact stored Phase 4 weathering/fate source PNG used by the curated legacy package.
output/2016 Legacy Runs FINAL Figures/publication/phase4/CASE_2016-09-01/mass_budget_heavy.png,output/CASE_2016-09-01/weathering/mass_budget_heavy.png,phase4,publication_phase4,display_only,copied_from_existing_output,CASE_2016-09-01,True,False,Legacy Phase 4 weathering/fate publication figure copied from the stored per-case weathering output.
output/2016 Legacy Runs FINAL Figures/scientific_source_pngs/phase4/CASE_2016-09-01/mass_budget_heavy.png,output/CASE_2016-09-01/weathering/mass_budget_heavy.png,phase4,scientific_source_phase4,scientific_source,copied_from_existing_output,CASE_2016-09-01,True,False,Exact stored Phase 4 weathering/fate source PNG used by the curated legacy package.
output/2016 Legacy Runs FINAL Figures/publication/phase4/CASE_2016-09-01/shoreline_summary_light.png,output/CASE_2016-09-01/weathering/shoreline_light.csv,phase4,publication_phase4,display_only,regenerated_from_stored_csv,CASE_2016-09-01,True,False,Honest lightweight shoreline summary rendered from the stored shoreline CSV only.
output/2016 Legacy Runs FINAL Figures/publication/phase4/CASE_2016-09-01/shoreline_summary_heavy.png,output/CASE_2016-09-01/weathering/shoreline_heavy.csv,phase4,publication_phase4,display_only,regenerated_from_stored_csv,CASE_2016-09-01,True,False,Honest lightweight shoreline summary rendered from the stored shoreline CSV only.
output/2016 Legacy Runs FINAL Figures/summary/phase4/CASE_2016-09-01/budget_light.csv,output/CASE_2016-09-01/weathering/budget_light.csv,phase4,summary_phase4,scientific_source,copied_from_existing_output,CASE_2016-09-01,True,False,Stored per-case Phase 4 budget or shoreline summary table copied into the curated legacy package.
output/2016 Legacy Runs FINAL Figures/summary/phase4/CASE_2016-09-01/budget_heavy.csv,output/CASE_2016-09-01/weathering/budget_heavy.csv,phase4,summary_phase4,scientific_source,copied_from_existing_output,CASE_2016-09-01,True,False,Stored per-case Phase 4 budget or shoreline summary table copied into the curated legacy package.
output/2016 Legacy Runs FINAL Figures/summary/phase4/CASE_2016-09-01/shoreline_light.csv,output/CASE_2016-09-01/weathering/shoreline_light.csv,phase4,summary_phase4,scientific_source,copied_from_existing_output,CASE_2016-09-01,True,False,Stored per-case Phase 4 budget or shoreline summary table copied into the curated legacy package.
output/2016 Legacy Runs FINAL Figures/summary/phase4/CASE_2016-09-01/shoreline_heavy.csv,output/CASE_2016-09-01/weathering/shoreline_heavy.csv,phase4,summary_phase4,scientific_source,copied_from_existing_output,CASE_2016-09-01,True,False,Stored per-case Phase 4 budget or shoreline summary table copied into the curated legacy package.
output/2016 Legacy Runs FINAL Figures/publication/phase4/CASE_2016-09-06/mass_budget_comparison.png,output/CASE_2016-09-06/weathering/mass_budget_comparison.png,phase4,publication_phase4,display_only,copied_from_existing_output,CASE_2016-09-06,True,False,Legacy Phase 4 weathering/fate publication figure copied from the stored per-case weathering output.
output/2016 Legacy Runs FINAL Figures/scientific_source_pngs/phase4/CASE_2016-09-06/mass_budget_comparison.png,output/CASE_2016-09-06/weathering/mass_budget_comparison.png,phase4,scientific_source_phase4,scientific_source,copied_from_existing_output,CASE_2016-09-06,True,False,Exact stored Phase 4 weathering/fate source PNG used by the curated legacy package.
output/2016 Legacy Runs FINAL Figures/publication/phase4/CASE_2016-09-06/mass_budget_light.png,output/CASE_2016-09-06/weathering/mass_budget_light.png,phase4,publication_phase4,display_only,copied_from_existing_output,CASE_2016-09-06,True,False,Legacy Phase 4 weathering/fate publication figure copied from the stored per-case weathering output.
output/2016 Legacy Runs FINAL Figures/scientific_source_pngs/phase4/CASE_2016-09-06/mass_budget_light.png,output/CASE_2016-09-06/weathering/mass_budget_light.png,phase4,scientific_source_phase4,scientific_source,copied_from_existing_output,CASE_2016-09-06,True,False,Exact stored Phase 4 weathering/fate source PNG used by the curated legacy package.
output/2016 Legacy Runs FINAL Figures/publication/phase4/CASE_2016-09-06/mass_budget_heavy.png,output/CASE_2016-09-06/weathering/mass_budget_heavy.png,phase4,publication_phase4,display_only,copied_from_existing_output,CASE_2016-09-06,True,False,Legacy Phase 4 weathering/fate publication figure copied from the stored per-case weathering output.
output/2016 Legacy Runs FINAL Figures/scientific_source_pngs/phase4/CASE_2016-09-06/mass_budget_heavy.png,output/CASE_2016-09-06/weathering/mass_budget_heavy.png,phase4,scientific_source_phase4,scientific_source,copied_from_existing_output,CASE_2016-09-06,True,False,Exact stored Phase 4 weathering/fate source PNG used by the curated legacy package.
output/2016 Legacy Runs FINAL Figures/publication/phase4/CASE_2016-09-06/shoreline_summary_light.png,output/CASE_2016-09-06/weathering/shoreline_light.csv,phase4,publication_phase4,display_only,regenerated_from_stored_csv,CASE_2016-09-06,True,False,Honest lightweight shoreline summary rendered from the stored shoreline CSV only.
output/2016 Legacy Runs FINAL Figures/publication/phase4/CASE_2016-09-06/shoreline_summary_heavy.png,output/CASE_2016-09-06/weathering/shoreline_heavy.csv,phase4,publication_phase4,display_only,regenerated_from_stored_csv,CASE_2016-09-06,True,False,Honest lightweight shoreline summary rendered from the stored shoreline CSV only.
output/2016 Legacy Runs FINAL Figures/summary/phase4/CASE_2016-09-06/budget_light.csv,output/CASE_2016-09-06/weathering/budget_light.csv,phase4,summary_phase4,scientific_source,copied_from_existing_output,CASE_2016-09-06,True,False,Stored per-case Phase 4 budget or shoreline summary table copied into the curated legacy package.
output/2016 Legacy Runs FINAL Figures/summary/phase4/CASE_2016-09-06/budget_heavy.csv,output/CASE_2016-09-06/weathering/budget_heavy.csv,phase4,summary_phase4,scientific_source,copied_from_existing_output,CASE_2016-09-06,True,False,Stored per-case Phase 4 budget or shoreline summary table copied into the curated legacy package.
output/2016 Legacy Runs FINAL Figures/summary/phase4/CASE_2016-09-06/shoreline_light.csv,output/CASE_2016-09-06/weathering/shoreline_light.csv,phase4,summary_phase4,scientific_source,copied_from_existing_output,CASE_2016-09-06,True,False,Stored per-case Phase 4 budget or shoreline summary table copied into the curated legacy package.
output/2016 Legacy Runs FINAL Figures/summary/phase4/CASE_2016-09-06/shoreline_heavy.csv,output/CASE_2016-09-06/weathering/shoreline_heavy.csv,phase4,summary_phase4,scientific_source,copied_from_existing_output,CASE_2016-09-06,True,False,Stored per-case Phase 4 budget or shoreline summary table copied into the curated legacy package.
output/2016 Legacy Runs FINAL Figures/publication/phase4/CASE_2016-09-17/mass_budget_comparison.png,output/CASE_2016-09-17/weathering/mass_budget_comparison.png,phase4,publication_phase4,display_only,copied_from_existing_output,CASE_2016-09-17,True,False,Legacy Phase 4 weathering/fate publication figure copied from the stored per-case weathering output.
output/2016 Legacy Runs FINAL Figures/scientific_source_pngs/phase4/CASE_2016-09-17/mass_budget_comparison.png,output/CASE_2016-09-17/weathering/mass_budget_comparison.png,phase4,scientific_source_phase4,scientific_source,copied_from_existing_output,CASE_2016-09-17,True,False,Exact stored Phase 4 weathering/fate source PNG used by the curated legacy package.
output/2016 Legacy Runs FINAL Figures/publication/phase4/CASE_2016-09-17/mass_budget_light.png,output/CASE_2016-09-17/weathering/mass_budget_light.png,phase4,publication_phase4,display_only,copied_from_existing_output,CASE_2016-09-17,True,False,Legacy Phase 4 weathering/fate publication figure copied from the stored per-case weathering output.
output/2016 Legacy Runs FINAL Figures/scientific_source_pngs/phase4/CASE_2016-09-17/mass_budget_light.png,output/CASE_2016-09-17/weathering/mass_budget_light.png,phase4,scientific_source_phase4,scientific_source,copied_from_existing_output,CASE_2016-09-17,True,False,Exact stored Phase 4 weathering/fate source PNG used by the curated legacy package.
output/2016 Legacy Runs FINAL Figures/publication/phase4/CASE_2016-09-17/mass_budget_heavy.png,output/CASE_2016-09-17/weathering/mass_budget_heavy.png,phase4,publication_phase4,display_only,copied_from_existing_output,CASE_2016-09-17,True,False,Legacy Phase 4 weathering/fate publication figure copied from the stored per-case weathering output.
output/2016 Legacy Runs FINAL Figures/scientific_source_pngs/phase4/CASE_2016-09-17/mass_budget_heavy.png,output/CASE_2016-09-17/weathering/mass_budget_heavy.png,phase4,scientific_source_phase4,scientific_source,copied_from_existing_output,CASE_2016-09-17,True,False,Exact stored Phase 4 weathering/fate source PNG used by the curated legacy package.
output/2016 Legacy Runs FINAL Figures/publication/phase4/CASE_2016-09-17/shoreline_summary_light.png,output/CASE_2016-09-17/weathering/shoreline_light.csv,phase4,publication_phase4,display_only,regenerated_from_stored_csv,CASE_2016-09-17,True,False,Honest lightweight shoreline summary rendered from the stored shoreline CSV only.
output/2016 Legacy Runs FINAL Figures/publication/phase4/CASE_2016-09-17/shoreline_summary_heavy.png,output/CASE_2016-09-17/weathering/shoreline_heavy.csv,phase4,publication_phase4,display_only,regenerated_from_stored_csv,CASE_2016-09-17,True,False,Honest lightweight shoreline summary rendered from the stored shoreline CSV only.
output/2016 Legacy Runs FINAL Figures/summary/phase4/CASE_2016-09-17/budget_light.csv,output/CASE_2016-09-17/weathering/budget_light.csv,phase4,summary_phase4,scientific_source,copied_from_existing_output,CASE_2016-09-17,True,False,Stored per-case Phase 4 budget or shoreline summary table copied into the curated legacy package.
output/2016 Legacy Runs FINAL Figures/summary/phase4/CASE_2016-09-17/budget_heavy.csv,output/CASE_2016-09-17/weathering/budget_heavy.csv,phase4,summary_phase4,scientific_source,copied_from_existing_output,CASE_2016-09-17,True,False,Stored per-case Phase 4 budget or shoreline summary table copied into the curated legacy package.
output/2016 Legacy Runs FINAL Figures/summary/phase4/CASE_2016-09-17/shoreline_light.csv,output/CASE_2016-09-17/weathering/shoreline_light.csv,phase4,summary_phase4,scientific_source,copied_from_existing_output,CASE_2016-09-17,True,False,Stored per-case Phase 4 budget or shoreline summary table copied into the curated legacy package.
output/2016 Legacy Runs FINAL Figures/summary/phase4/CASE_2016-09-17/shoreline_heavy.csv,output/CASE_2016-09-17/weathering/shoreline_heavy.csv,phase4,summary_phase4,scientific_source,copied_from_existing_output,CASE_2016-09-17,True,False,Stored per-case Phase 4 budget or shoreline summary table copied into the curated legacy package.
output/2016 Legacy Runs FINAL Figures/summary/phase4/prototype_2016_phase4_registry.csv,output/CASE_2016-*/weathering,phase4,summary_phase4,metadata,regenerated_from_existing_metadata,,True,False,Aggregate registry for the copied prototype_2016 Phase 4 weathering/fate tables.
output/2016 Legacy Runs FINAL Figures/README.md,output/prototype_2016_pygnome_similarity | output/CASE_2016-*/weathering | output/figure_package_publication,phase5,prototype_legacy_phase5_packaging,metadata,regenerated_from_existing_metadata,,True,False,Curated README for the authoritative prototype_2016 legacy final-output root.
output/2016 Legacy Runs FINAL Figures/phase5/prototype_2016_packaging_summary.md,output/prototype_2016_pygnome_similarity | output/CASE_2016-*/weathering | output/figure_package_publication | output/2016 Legacy Runs FINAL Figures/final_figure_manifest.json,phase5,prototype_legacy_phase5_packaging,metadata,regenerated_from_existing_metadata,,True,False,Explicit Phase 5 packaging note for the curated prototype_2016 legacy package.
